image_id,pa_deg,fl_mm,pa_measured,fl_measured,mt_mm,mt_measured,mt_raw,measured_scale,ok
IMG_00001.tif,16.06703931693201,97.58076696851231,True,True,25.31411394191535,True,25.31411394191535,True,True
IMG_00002.tif,8.978009759953224,104.29736073853005,True,True,18.047068001889958,True,18.047068001889958,True,True
IMG_00003.tif,13.027758029717397,99.89278098746632,True,True,23.113379745654477,True,23.113379745654477,True,True
IMG_00004.tif,12.665231617030948,102.50127573916734,True,True,26.661576993320757,True,26.661576993320757,True,True
IMG_00005.tif,18.947688938649843,89.15749340635168,True,True,28.162262450184556,True,28.162262450184556,True,True
IMG_00006.tif,19.94991506168969,96.79790157669397,True,True,34.05798800043139,True,34.05798800043139,True,True
IMG_00007.tif,19.04559652347607,88.92728456714408,True,True,28.559384850628724,True,28.559384850628724,True,True
IMG_00008.tif,17.835843982384127,92.78112945282317,True,True,29.532045483805035,True,29.532045483805035,True,True
IMG_00009.tif,8.401711294480739,98.92616864052337,True,True,18.15851969915566,True,18.15851969915566,True,True
IMG_00010.tif,13.662209469435805,82.28606299013462,True,True,19.499823522019117,True,19.499823522019117,True,True
IMG_00011.tif,13.294132226570595,74.48842852126066,True,True,18.197780956457677,True,18.197780956457677,True,True
IMG_00012.tif,13.065681135592861,80.33678385152962,True,True,19.97541258626293,True,19.97541258626293,True,True
IMG_00013.tif,9.104261153065739,90.7089550363621,True,True,15.887965552007858,True,15.887965552007858,True,True
IMG_00014.tif,11.246515483260573,169.91330445892186,True,True,20.7,False,44.984779577952594,True,True
IMG_00015.tif,11.810604800192323,84.12820893805593,True,True,19.775443555832837,True,19.775443555832837,True,True
IMG_00016.tif,17.41067545991628,87.44870402054872,True,True,26.425472593821166,True,26.425472593821166,True,True
IMG_00017.tif,16.096792906568645,86.90500531011584,True,True,22.80767730825979,True,22.80767730825979,True,True
IMG_00018.tif,15.41495496491958,90.04776405931966,True,True,25.171619173837232,True,25.171619173837232,True,True
IMG_00019.tif,14.733280028343012,93.96476993028972,True,True,25.7496803590082,True,25.7496803590082,True,True
IMG_00020.tif,10.557994579086653,102.44229361165588,True,True,18.772072397489552,True,18.772072397489552,True,True
IMG_00021.tif,9.192470719483515,100.28532626129868,True,True,18.743304856703652,True,18.743304856703652,True,True
IMG_00022.tif,17.981714755577983,84.83665236472164,True,True,23.6152827760803,True,23.6152827760803,True,True
IMG_00023.tif,17.47623459073558,108.67665801557305,True,True,22.95380209559322,True,22.95380209559322,True,True
IMG_00024.tif,17.291059645637738,96.17741254815397,True,True,26.87792964334839,True,26.87792964334839,True,True
IMG_00025.tif,10.708341885575546,110.45721892469207,True,True,24.42866490281336,True,24.42866490281336,True,True
IMG_00026.tif,15.486070226630899,95.07433200084108,True,True,26.344481585912217,True,26.344481585912217,True,True
IMG_00027.tif,14.276248385032876,82.31443174569048,True,True,21.88659385623885,True,21.88659385623885,True,True
IMG_00028.tif,12.744172909066894,89.98728802139212,True,True,21.869385624830272,True,21.869385624830272,True,True
IMG_00029.tif,14.073034376619557,92.54150567298825,True,True,23.14180073357058,True,23.14180073357058,True,True
IMG_00030.tif,8.449951372055386,101.3563314199215,True,True,17.07197097990231,True,17.07197097990231,True,True
IMG_00031.tif,8.64645353541044,92.85171636667357,True,True,16.65233408714011,True,16.65233408714011,True,True
IMG_00032.tif,14.339800194356247,106.99041711721321,True,True,27.237843110915264,True,27.237843110915264,True,True
IMG_00033.tif,14.640454322196224,115.85412284635699,True,True,31.531735465965397,True,31.531735465965397,True,True
IMG_00034.tif,15.458467067276509,114.92458785307493,True,True,30.81380030876178,True,30.81380030876178,True,True
IMG_00035.tif,9.691173493300093,93.43726639515415,True,True,18.320814345552975,True,18.320814345552975,True,True
IMG_00036.tif,16.42,81.5,False,False,18.415050762979494,True,18.415050762979494,True,False
IMG_00037.tif,17.200150773007092,44.05487220471558,True,True,12.647526326834997,True,12.647526326834997,True,True
IMG_00038.tif,19.56454447509385,49.159753354915196,True,True,13.47763344060941,True,13.47763344060941,True,True
IMG_00039.tif,16.42,81.5,False,False,17.830091319818038,True,17.830091319818038,True,False
IMG_00040.tif,19.90430830564719,81.5,True,False,20.7,False,,False,True
IMG_00041.tif,20.674657463132956,81.5,True,False,20.7,False,,False,True
IMG_00042.tif,16.42,81.5,False,False,20.7,False,,False,False
IMG_00043.tif,22.683363046510046,81.5,True,False,20.7,False,,False,True
IMG_00044.tif,16.42,81.5,False,False,20.7,False,,False,False
IMG_00045.tif,15.933754496676741,81.5,True,False,20.7,False,,False,True
IMG_00046.tif,12.863686395288578,81.5,True,False,20.7,False,,False,True
IMG_00047.tif,16.42,81.5,False,False,14.632577992525224,True,14.632577992525224,True,False
IMG_00048.tif,14.380426665172003,81.5,True,False,20.7,False,,False,True
IMG_00049.tif,15.594741521366554,65.6598534436973,True,True,16.418824119262016,True,16.418824119262016,True,True
IMG_00050.tif,19.299499437138145,69.84991849379546,True,True,19.901480616588568,True,19.901480616588568,True,True
IMG_00051.tif,12.449283842307912,182.68962784146018,True,True,20.7,False,39.38337995962399,True,True
IMG_00052.tif,20.997829693410367,60.45356955811855,True,True,20.74834403484811,True,20.74834403484811,True,True
IMG_00053.tif,19.74941396474973,49.771545907162604,True,True,15.697166576952375,True,15.697166576952375,True,True
IMG_00054.tif,11.125079163319267,154.52931248702578,True,True,34.123590207265,True,34.123590207265,True,True
IMG_00055.tif,17.635324806569702,59.21705976299129,True,True,17.23864317114816,True,17.23864317114816,True,True
IMG_00056.tif,8.791811028898119,143.84657545577576,True,True,28.25174769919868,True,28.25174769919868,True,True
IMG_00057.tif,8.711353981351513,144.69859804090538,True,True,28.250901153763415,True,28.250901153763415,True,True
IMG_00058.tif,8.91992702638964,141.65514085023347,True,True,28.248215929921624,True,28.248215929921624,True,True
IMG_00059.tif,8.942145318773173,141.8642310047456,True,True,28.233203445139182,True,28.233203445139182,True,True
IMG_00060.tif,9.16619500563645,140.0954437310122,True,True,28.237198691217813,True,28.237198691217813,True,True
IMG_00061.tif,10.299061695393217,114.45395776921984,True,True,26.59139155524945,True,26.59139155524945,True,True
IMG_00062.tif,10.862310246167958,116.83401341570948,True,True,26.116768944833726,True,26.116768944833726,True,True
IMG_00063.tif,10.737038839431179,117.63602830579637,True,True,26.16390460091219,True,26.16390460091219,True,True
IMG_00064.tif,9.902115295545348,118.32793231400039,True,True,26.381603221694693,True,26.381603221694693,True,True
IMG_00065.tif,10.22323683741567,116.202333416156,True,True,26.366906935641556,True,26.366906935641556,True,True
IMG_00066.tif,14.409625796081235,75.64409934243085,True,True,19.233788252407837,True,19.233788252407837,True,True
IMG_00067.tif,14.448583619290403,75.33569145950281,True,True,19.26468363579139,True,19.26468363579139,True,True
IMG_00068.tif,14.46335799104773,76.14709443750453,True,True,19.291203086176264,True,19.291203086176264,True,True
IMG_00069.tif,12.670581714902198,84.46328959056756,True,True,19.375817772546867,True,19.375817772546867,True,True
IMG_00070.tif,13.370064573920793,81.41835833720441,True,True,19.36965124964938,True,19.36965124964938,True,True
IMG_00071.tif,5.327192601441248,85.50453269106843,True,True,14.679022340502689,True,14.679022340502689,True,True
IMG_00072.tif,5.546959249827927,152.38213632660845,True,True,14.729492044334444,True,14.729492044334444,True,True
IMG_00073.tif,5.500447251870995,153.48464613760075,True,True,14.712043996947608,True,14.712043996947608,True,True
IMG_00074.tif,12.41414779123843,104.15821681159944,True,True,17.712099793766367,True,17.712099793766367,True,True
IMG_00075.tif,7.160447655103569,62.49766724308372,True,True,14.669500073923862,True,14.669500073923862,True,True
IMG_00076.tif,8.908613525421572,202.77398353613683,True,True,31.401357840338285,True,31.401357840338285,True,True
IMG_00077.tif,9.562866117994222,187.24573451633208,True,True,31.10707382888277,True,31.10707382888277,True,True
IMG_00078.tif,9.576474983109703,186.89863405602398,True,True,31.093184459258968,True,31.093184459258968,True,True
IMG_00079.tif,9.43653401997999,189.59107936917658,True,True,31.08440652162349,True,31.08440652162349,True,True
IMG_00080.tif,9.40274856748567,190.11367378559765,True,True,31.0594962561122,True,31.0594962561122,True,True
IMG_00081.tif,11.597857875142441,98.51639540705277,True,True,19.14834430297538,True,19.14834430297538,True,True
IMG_00082.tif,8.753339257228324,197.27001924031885,True,True,30.020746561272215,True,30.020746561272215,True,True
IMG_00083.tif,11.609344550120872,101.9190135797618,True,True,19.15330979650415,True,19.15330979650415,True,True
IMG_00084.tif,9.253385670959048,186.71938792995053,True,True,30.024643391498557,True,30.024643391498557,True,True
IMG_00085.tif,9.117003102325071,189.50291730414855,True,True,30.026942918980065,True,30.026942918980065,True,True
IMG_00086.tif,11.28841004451078,137.00983978792027,True,True,25.102241559814487,True,25.102241559814487,True,True
IMG_00087.tif,11.480409829895525,95.66972418690011,True,True,24.898478846770686,True,24.898478846770686,True,True
IMG_00088.tif,10.844682095043023,98.17877723826844,True,True,24.898548214958925,True,24.898548214958925,True,True
IMG_00089.tif,11.240615078988952,96.23676028335048,True,True,24.905349309939265,True,24.905349309939265,True,True
IMG_00090.tif,12.16859141198005,139.4813939980415,True,True,25.05701849116567,True,25.05701849116567,True,True
IMG_00091.tif,12.771683018219365,103.3966146040692,True,True,25.98510206007934,True,25.98510206007934,True,True
IMG_00092.tif,12.880829913879651,101.91353223581548,True,True,25.987623738607986,True,25.987623738607986,True,True
IMG_00093.tif,12.311990900117081,105.50176314173102,True,True,25.9906762754317,True,25.9906762754317,True,True
IMG_00094.tif,11.80216636632906,107.74917697674664,True,True,25.98746778943223,True,25.98746778943223,True,True
IMG_00095.tif,12.788445243868841,105.08827332178467,True,True,25.98892160492619,True,25.98892160492619,True,True
IMG_00096.tif,14.119374235294758,88.99938178749431,True,True,23.44122984651362,True,23.44122984651362,True,True
IMG_00097.tif,14.666300543458558,86.51560626136383,True,True,23.425497913796207,True,23.425497913796207,True,True
IMG_00098.tif,14.321095046419142,88.13387305652938,True,True,23.407969809340326,True,23.407969809340326,True,True
IMG_00099.tif,14.3070685208341,89.19017866205226,True,True,23.43348874127388,True,23.43348874127388,True,True
IMG_00100.tif,14.47822434755049,88.13984046096368,True,True,23.33688958659428,True,23.33688958659428,True,True
IMG_00101.tif,10.881888042171491,132.99734364810004,True,True,27.539849724315115,True,27.539849724315115,True,True
IMG_00102.tif,11.328868518167415,131.44095478693833,True,True,27.53631956965198,True,27.53631956965198,True,True
IMG_00103.tif,11.035422820349705,133.01213148394913,True,True,27.54145587614019,True,27.54145587614019,True,True
IMG_00104.tif,11.368891470967299,131.2987996962373,True,True,27.536386575644773,True,27.536386575644773,True,True
IMG_00105.tif,10.748740361041797,133.28298868521074,True,True,27.544994046682156,True,27.544994046682156,True,True
IMG_00106.tif,11.680444623600344,126.78007248353916,True,True,28.537616752466455,True,28.537616752466455,True,True
IMG_00107.tif,11.918964505749088,125.84210249011585,True,True,28.54216905994586,True,28.54216905994586,True,True
IMG_00108.tif,11.911895232554807,125.16624573532789,True,True,28.551990067774007,True,28.551990067774007,True,True
IMG_00109.tif,11.732521883126868,126.30961834506508,True,True,28.558555864039814,True,28.558555864039814,True,True
IMG_00110.tif,11.62790394495729,125.02449861809413,True,True,28.549895536837433,True,28.549895536837433,True,True
IMG_00111.tif,14.561589294732437,94.27629175379221,True,True,23.446079767391176,True,23.446079767391176,True,True
IMG_00112.tif,14.612816773415936,89.49742175916327,True,True,23.44710203252284,True,23.44710203252284,True,True
IMG_00113.tif,12.917182910189089,100.89083870493265,True,True,24.754485215017837,True,24.754485215017837,True,True
IMG_00114.tif,12.942313314451635,103.58649223898304,True,True,24.79041539298561,True,24.79041539298561,True,True
IMG_00115.tif,12.904249575390741,98.41042182644742,True,True,24.894530797169633,True,24.894530797169633,True,True
IMG_00116.tif,10.084498098566778,107.41438407533727,True,True,19.1572202427002,True,19.1572202427002,True,True
IMG_00117.tif,10.685582271995584,101.64762705304429,True,True,19.072987226752947,True,19.072987226752947,True,True
IMG_00118.tif,9.765843336994948,120.30783704338631,True,True,19.1051473446447,True,19.1051473446447,True,True
IMG_00119.tif,8.80347839369059,124.18153195699874,True,True,19.00546572545642,True,19.00546572545642,True,True
IMG_00120.tif,9.366877053823725,117.71456529276807,True,True,19.003777419320247,True,19.003777419320247,True,True
IMG_00121.tif,10.477252917732004,191.42325267826743,True,True,20.7,False,40.3024589904782,True,True
IMG_00122.tif,10.995541478983393,183.90867932310334,True,True,20.7,False,40.30106659344649,True,True
IMG_00123.tif,10.978038249585794,191.6045623665879,True,True,20.7,False,40.30791712702032,True,True
IMG_00124.tif,10.961980027331261,191.2697501646178,True,True,20.7,False,40.28942736721679,True,True
IMG_00125.tif,10.572676827990744,193.9233073816207,True,True,20.7,False,40.28966179145538,True,True
IMG_00126.tif,11.558432859044643,93.1142169022271,True,True,20.046167322910733,True,20.046167322910733,True,True
IMG_00127.tif,11.602521923379635,91.97866083872641,True,True,20.04356527904727,True,20.04356527904727,True,True
IMG_00128.tif,11.622896397785128,91.59729052805474,True,True,20.052624512602097,True,20.052624512602097,True,True
IMG_00129.tif,11.323775949672552,93.91605927996125,True,True,20.070075973111052,True,20.070075973111052,True,True
IMG_00130.tif,11.86661380604221,90.67626390385706,True,True,20.061293875464106,True,20.061293875464106,True,True
IMG_00131.tif,11.99581652815258,119.70136607708058,True,True,27.79905518484126,True,27.79905518484126,True,True
IMG_00132.tif,12.669604934202216,116.12024755147709,True,True,27.76881324030362,True,27.76881324030362,True,True
IMG_00133.tif,12.831630180390821,114.41284019267998,True,True,27.794452331685036,True,27.794452331685036,True,True
IMG_00134.tif,12.786261531113407,115.47796380686071,True,True,27.80166231085103,True,27.80166231085103,True,True
IMG_00135.tif,13.138029069784798,113.99337595321424,True,True,27.78992165934466,True,27.78992165934466,True,True
IMG_00136.tif,12.805051883071048,99.3596342492514,True,True,24.611451805213814,True,24.611451805213814,True,True
IMG_00137.tif,12.489916923079821,97.4521445720029,True,True,24.590362805477337,True,24.590362805477337,True,True
IMG_00138.tif,12.671487630537671,97.52045029012382,True,True,24.604807240264936,True,24.604807240264936,True,True
IMG_00139.tif,12.982692605622876,94.22780539679458,True,True,24.60623797020427,True,24.60623797020427,True,True
IMG_00140.tif,12.175639706219453,105.54759261517114,True,True,24.59475746505083,True,24.59475746505083,True,True
IMG_00141.tif,11.19469946079893,130.89268991666108,True,True,28.558324028526854,True,28.558324028526854,True,True
IMG_00142.tif,11.038365197308469,133.6217332613651,True,True,28.547732751655314,True,28.547732751655314,True,True
IMG_00143.tif,11.132603752408814,132.91493540960857,True,True,28.50466461304552,True,28.50466461304552,True,True
IMG_00144.tif,11.27514338397128,131.85357694937662,True,True,28.515305168406975,True,28.515305168406975,True,True
IMG_00145.tif,11.28574434544014,130.43618223190666,True,True,28.571875485771404,True,28.571875485771404,True,True
IMG_00146.tif,16.42,81.5,False,False,14.190680243401143,True,14.190680243401143,True,False
IMG_00147.tif,16.42,81.5,False,False,14.03884285857272,True,14.03884285857272,True,False
IMG_00148.tif,16.42,81.5,False,False,13.828806537848147,True,13.828806537848147,True,False
IMG_00149.tif,9.51942296774184,141.81684554101986,True,True,32.57801214384594,True,32.57801214384594,True,True
IMG_00150.tif,16.42,81.5,False,False,14.028798500991904,True,14.028798500991904,True,False
IMG_00151.tif,10.16563357364103,185.54920841574778,True,True,32.748392646836926,True,32.748392646836926,True,True
IMG_00152.tif,10.221539038567556,184.52199190305802,True,True,32.744297233211604,True,32.744297233211604,True,True
IMG_00153.tif,10.095930614154394,186.75274844867405,True,True,32.73715958964145,True,32.73715958964145,True,True
IMG_00154.tif,10.187791212047959,185.12882935736843,True,True,32.74466547095615,True,32.74466547095615,True,True
IMG_00155.tif,10.203888393097662,184.8194079956151,True,True,32.7410413815148,True,32.7410413815148,True,True
IMG_00156.tif,16.42,81.5,False,False,13.655691238612597,True,13.655691238612597,True,False
IMG_00157.tif,16.42,81.5,False,False,13.653689252936005,True,13.653689252936005,True,False
IMG_00158.tif,11.802299711689487,96.36627736503233,True,True,18.997343702735815,True,18.997343702735815,True,True
IMG_00159.tif,11.8665684998501,93.61875047348215,True,True,18.899056165711126,True,18.899056165711126,True,True
IMG_00160.tif,11.883383355967853,93.42167639970545,True,True,18.867152002363458,True,18.867152002363458,True,True
IMG_00161.tif,9.965475611591332,146.7590275622888,True,True,31.296277889057336,True,31.296277889057336,True,True
IMG_00162.tif,10.140611548737041,147.59069494437097,True,True,31.29957265385603,True,31.29957265385603,True,True
IMG_00163.tif,10.278686967812144,145.52873772884834,True,True,31.29386819614339,True,31.29386819614339,True,True
IMG_00164.tif,10.558861479714096,143.86893089303658,True,True,31.292938055041784,True,31.292938055041784,True,True
IMG_00165.tif,10.517211294191728,139.71136092415458,True,True,31.299917283825014,True,31.299917283825014,True,True
IMG_00166.tif,11.379300241957331,92.02554914922564,True,True,22.513797475106585,True,22.513797475106585,True,True
IMG_00167.tif,13.636754743629634,87.20191153522796,True,True,22.503840241258956,True,22.503840241258956,True,True
IMG_00168.tif,11.399620278053703,93.1693741352372,True,True,22.393631946678948,True,22.393631946678948,True,True
IMG_00169.tif,11.628300467574439,90.67424772557268,True,True,22.373907941888472,True,22.373907941888472,True,True
IMG_00170.tif,12.360142770398408,84.98406766932888,True,True,22.31267159705287,True,22.31267159705287,True,True
IMG_00171.tif,12.678860194176972,100.88055112637923,True,True,25.706797507821403,True,25.706797507821403,True,True
IMG_00172.tif,12.732498172463751,101.54969540367955,True,True,25.701877398451547,True,25.701877398451547,True,True
IMG_00173.tif,13.300880499613726,99.3021284027979,True,True,25.710204550452886,True,25.710204550452886,True,True
IMG_00174.tif,13.658895120923573,97.18226987264458,True,True,25.71505833230443,True,25.71505833230443,True,True
IMG_00175.tif,13.604574106283719,98.57466989989959,True,True,25.717049205145564,True,25.717049205145564,True,True
IMG_00176.tif,11.09395142513834,103.81103581588184,True,True,22.866471173263385,True,22.866471173263385,True,True
IMG_00177.tif,11.717518298137279,100.40127519862021,True,True,22.868371979151643,True,22.868371979151643,True,True
IMG_00178.tif,11.404497629744275,101.47204019196315,True,True,22.865024363818435,True,22.865024363818435,True,True
IMG_00179.tif,11.360579379169975,102.31066575033032,True,True,22.849743678868556,True,22.849743678868556,True,True
IMG_00180.tif,11.255431640901563,103.00709851655952,True,True,22.86028585501119,True,22.86028585501119,True,True
IMG_00181.tif,13.281075160964969,120.0934233609689,True,True,27.588855940117973,True,27.588855940117973,True,True
IMG_00182.tif,13.490001615367515,102.07404384944837,True,True,27.337566327153255,True,27.337566327153255,True,True
IMG_00183.tif,13.699972884053272,100.0756152472459,True,True,27.361750826798758,True,27.361750826798758,True,True
IMG_00184.tif,13.903174355915024,98.22792217834817,True,True,27.34261735096272,True,27.34261735096272,True,True
IMG_00185.tif,13.428553370675473,117.70569268159467,True,True,27.335105858720162,True,27.335105858720162,True,True
IMG_00186.tif,7.652545250152288,153.48916244397273,True,True,27.054321907097407,True,27.054321907097407,True,True
IMG_00187.tif,7.772903897336656,151.09008836401887,True,True,27.04454006286928,True,27.04454006286928,True,True
IMG_00188.tif,7.789428057775384,150.85560485970154,True,True,27.067361747232354,True,27.067361747232354,True,True
IMG_00189.tif,7.7709458627591195,150.7367016257173,True,True,27.043561690140866,True,27.043561690140866,True,True
IMG_00190.tif,8.538799533255148,142.336362409528,True,True,27.012823610988846,True,27.012823610988846,True,True
IMG_00191.tif,12.556656408051875,112.75233014639099,True,True,26.67686553228401,True,26.67686553228401,True,True
IMG_00192.tif,12.225944845892805,111.23531333500819,True,True,26.67564883234781,True,26.67564883234781,True,True
IMG_00193.tif,12.698191340636807,113.74572740392901,True,True,26.683029370123936,True,26.683029370123936,True,True
IMG_00194.tif,12.464232866575584,114.25068251791532,True,True,26.67940088341922,True,26.67940088341922,True,True
IMG_00195.tif,12.454382822767368,114.52000169040123,True,True,26.673226776748574,True,26.673226776748574,True,True
IMG_00196.tif,15.522055295851091,67.4015608147217,True,True,19.022166506584966,True,19.022166506584966,True,True
IMG_00197.tif,14.441704169368872,90.2713240009668,True,True,22.023875434842804,True,22.023875434842804,True,True
IMG_00198.tif,13.405557947258483,108.51355314954556,True,True,18.605466670877732,True,18.605466670877732,True,True
IMG_00199.tif,11.249687320631836,77.82410464726351,True,True,16.583103585539636,True,16.583103585539636,True,True
IMG_00200.tif,16.205703095741224,67.33719714827521,True,True,18.569412876189695,True,18.569412876189695,True,True
IMG_00201.tif,12.342650618372446,80.17843267428528,True,True,19.029432144491736,True,19.029432144491736,True,True
IMG_00202.tif,15.080191896444639,111.47209736561975,True,True,21.916344308007105,True,21.916344308007105,True,True
IMG_00203.tif,14.752828679710502,77.78570556837452,True,True,19.751344460005278,True,19.751344460005278,True,True
IMG_00204.tif,14.794185741154408,84.35257110752497,True,True,20.681237673843206,True,20.681237673843206,True,True
IMG_00205.tif,12.006395205155904,94.64535284416607,True,True,21.486387955567178,True,21.486387955567178,True,True
IMG_00206.tif,13.809110861161603,107.13855631863689,True,True,19.489228488131104,True,19.489228488131104,True,True
IMG_00207.tif,16.03596331807178,63.41408272685226,True,True,15.400639202083257,True,15.400639202083257,True,True
IMG_00208.tif,13.558025999158723,90.51855160252882,True,True,21.007145796894168,True,21.007145796894168,True,True
IMG_00209.tif,17.93885750723783,59.56768513593565,True,True,17.957999653368468,True,17.957999653368468,True,True
IMG_00210.tif,11.149082421073217,83.32358308935258,True,True,16.31602075229647,True,16.31602075229647,True,True
IMG_00211.tif,19.02400571994669,79.55213240457994,True,True,27.30345326093515,True,27.30345326093515,True,True
IMG_00212.tif,21.549757380929805,60.32500248361035,True,True,21.25687196800457,True,21.25687196800457,True,True
IMG_00213.tif,12.992344245950425,120.21861505960905,True,True,27.027652286842958,True,27.027652286842958,True,True
IMG_00214.tif,12.858067078327167,83.13435259955196,True,True,18.639567433279726,True,18.639567433279726,True,True
IMG_00215.tif,19.853468719483118,78.56363888388582,True,True,29.48556689087838,True,29.48556689087838,True,True
IMG_00216.tif,16.1880277096357,75.22713674254533,True,True,20.341965899351028,True,20.341965899351028,True,True
IMG_00217.tif,14.982224203123732,77.2692252220146,True,True,21.061938261140003,True,21.061938261140003,True,True
IMG_00218.tif,12.831677405365967,97.29552403451123,True,True,18.787003061329525,True,18.787003061329525,True,True
IMG_00219.tif,20.41249064465335,59.48289543146285,True,True,20.778071094644158,True,20.778071094644158,True,True
IMG_00220.tif,16.40065553532729,74.99065327025369,True,True,21.237552047817903,True,21.237552047817903,True,True
IMG_00221.tif,10.352411198661153,109.88385964123083,True,True,19.478635943726584,True,19.478635943726584,True,True
IMG_00222.tif,17.156060995991947,65.87869123727289,True,True,19.1269684394087,True,19.1269684394087,True,True
IMG_00223.tif,13.586497719325873,76.08148538922093,True,True,17.160585250301676,True,17.160585250301676,True,True
IMG_00224.tif,17.409121543035813,57.139570644184744,True,True,16.33477457201565,True,16.33477457201565,True,True
IMG_00225.tif,11.78959693067927,117.30781625965867,True,True,21.273323825509294,True,21.273323825509294,True,True
IMG_00226.tif,18.42673826871707,81.9120047314787,True,True,23.329117992672078,True,23.329117992672078,True,True
IMG_00227.tif,22.081120738229146,66.87078594421075,True,True,23.53648822727385,True,23.53648822727385,True,True
IMG_00228.tif,10.38935783641904,93.50576052296577,True,True,18.835420610187665,True,18.835420610187665,True,True
IMG_00229.tif,10.766165192427819,108.03326594374667,True,True,22.503975372565275,True,22.503975372565275,True,True
IMG_00230.tif,18.190545673882163,65.67948655730332,True,True,19.8768411065785,True,19.8768411065785,True,True
IMG_00231.tif,13.62384552247728,80.19200422149574,True,True,21.307947186154504,True,21.307947186154504,True,True
IMG_00232.tif,13.797299707953957,68.61344137039976,True,True,16.80950028537089,True,16.80950028537089,True,True
IMG_00233.tif,18.83542536962742,56.559326889712594,True,True,18.043978232129337,True,18.043978232129337,True,True
IMG_00234.tif,17.108658710644686,47.25370713871635,True,True,13.875237890584119,True,13.875237890584119,True,True
IMG_00235.tif,16.702907965822966,59.394155440244496,True,True,17.134083003257317,True,17.134083003257317,True,True
IMG_00236.tif,14.569362055283243,84.64181758404541,True,True,22.317226508870863,True,22.317226508870863,True,True
IMG_00237.tif,23.44350386884183,75.91404854612374,True,True,27.96888115006329,True,27.96888115006329,True,True
IMG_00238.tif,14.869120468596599,100.86608939984512,True,True,23.332386271504657,True,23.332386271504657,True,True
IMG_00239.tif,11.606801143486454,93.4968048317435,True,True,18.583201553526838,True,18.583201553526838,True,True
IMG_00240.tif,18.806683299726785,68.29796620616096,True,True,20.46733648534375,True,20.46733648534375,True,True
IMG_00241.tif,11.84617197455287,90.05541704039749,True,True,20.643551769495218,True,20.643551769495218,True,True
IMG_00242.tif,24.121484467802155,57.0510694005235,True,True,22.31491282116906,True,22.31491282116906,True,True
IMG_00243.tif,18.825876836059532,62.050795773345435,True,True,19.97129319529024,True,19.97129319529024,True,True
IMG_00244.tif,9.496052957619595,112.02838409509206,True,True,21.47105581638104,True,21.47105581638104,True,True
IMG_00245.tif,12.99858798074727,114.05562311510049,True,True,23.595374951094342,True,23.595374951094342,True,True
IMG_00246.tif,18.9087729958231,64.39542130384153,True,True,19.714017260115142,True,19.714017260115142,True,True
IMG_00247.tif,13.173997019354795,68.579178452979,True,True,16.076684929953093,True,16.076684929953093,True,True
IMG_00248.tif,15.824015951307489,71.63065412527534,True,True,19.104551692817644,True,19.104551692817644,True,True
IMG_00249.tif,19.568352709213002,53.38539400074999,True,True,16.77268545743432,True,16.77268545743432,True,True
IMG_00250.tif,15.1888769286622,76.49694478332796,True,True,19.373568686865983,True,19.373568686865983,True,True
IMG_00251.tif,22.86256751504407,38.489425094027695,True,True,13.352252149578845,True,13.352252149578845,True,True
IMG_00252.png,14.002189071381638,74.30806010108324,True,True,18.899041348563603,True,18.899041348563603,True,True
IMG_00253.png,19.68319800850025,83.08985768815,True,True,22.73269246799488,True,22.73269246799488,True,True
IMG_00254.png,15.135421164290864,66.00226410342528,True,True,18.53251489998031,True,18.53251489998031,True,True
IMG_00255.png,18.542817743474664,82.41377328968969,True,True,25.692085724258092,True,25.692085724258092,True,True
IMG_00256.png,19.831088060852665,69.45180166068893,True,True,20.582042284405702,True,20.582042284405702,True,True
IMG_00257.png,22.232489107288252,54.21392028340031,True,True,19.007098798319255,True,19.007098798319255,True,True
IMG_00258.png,26.98143523124147,62.96473081724927,True,True,27.540238349095603,True,27.540238349095603,True,True
IMG_00259.png,23.99202311052326,44.25409875794581,True,True,16.60781710065419,True,16.60781710065419,True,True
IMG_00260.png,19.21669830349815,64.76251596226889,True,True,20.56300839950067,True,20.56300839950067,True,True
IMG_00261.png,14.703061583221091,75.83891523065289,True,True,21.15123535914793,True,21.15123535914793,True,True
IMG_00262.png,16.713282970969217,65.8999305104634,True,True,19.797480433586728,True,19.797480433586728,True,True
IMG_00263.png,13.478955280819312,54.164950165424784,True,True,13.581247841292223,True,13.581247841292223,True,True
IMG_00264.png,27.496961531321617,46.149888912321,True,True,19.64395697213247,True,19.64395697213247,True,True
IMG_00265.png,22.49779595857594,45.748347314502325,True,True,17.090783153094236,True,17.090783153094236,True,True
IMG_00266.png,24.570397877881202,38.957361592672996,True,True,15.422964062402672,True,15.422964062402672,True,True
IMG_00267.png,19.085404399856532,70.11216261952327,True,True,21.41086946923961,True,21.41086946923961,True,True
IMG_00268.png,15.692319530164545,83.26157834951954,True,True,22.311310104717297,True,22.311310104717297,True,True
IMG_00269.png,16.68051786892446,69.12995699777919,True,True,22.910890524839985,True,22.910890524839985,True,True
IMG_00270.png,23.45541445633486,51.729148494534215,True,True,19.45138048481909,True,19.45138048481909,True,True
IMG_00271.png,14.951781919797074,64.06486337419194,True,True,18.696606297856725,True,18.696606297856725,True,True
IMG_00272.png,19.252484584936152,58.38923470784088,True,True,18.764119051284435,True,18.764119051284435,True,True
IMG_00273.png,23.603994019567704,40.38584482781471,True,True,15.945183938950422,True,15.945183938950422,True,True
IMG_00274.png,15.914404929972186,66.30430300889708,True,True,21.338441149168187,True,21.338441149168187,True,True
IMG_00275.png,30.124557013198782,51.85116361639051,True,True,25.19033639256089,True,25.19033639256089,True,True
IMG_00276.png,15.158647358234392,77.23314456009149,True,True,21.965969404047737,True,21.965969404047737,True,True
IMG_00277.png,16.75695632448575,77.7134184275879,True,True,21.693502820759353,True,21.693502820759353,True,True
IMG_00278.png,21.447858625738064,51.309017470121546,True,True,19.652257799989744,True,19.652257799989744,True,True
IMG_00279.png,13.705759130215771,72.96300483708717,True,True,17.34785262426517,True,17.34785262426517,True,True
IMG_00280.png,15.694662893355652,60.062248806153626,True,True,16.641624728365343,True,16.641624728365343,True,True
IMG_00281.png,22.770009253577886,48.22958124580687,True,True,17.78541702868403,True,17.78541702868403,True,True
IMG_00282.png,16.72748696532174,71.87844119073917,True,True,19.43794923025057,True,19.43794923025057,True,True
IMG_00283.png,20.66501613571401,70.87592213773834,True,True,23.036609537948124,True,23.036609537948124,True,True
IMG_00284.png,23.880576000056152,52.47053453598489,True,True,18.664280540480366,True,18.664280540480366,True,True
IMG_00285.png,19.453612811471253,64.497718875566,True,True,20.263517721040074,True,20.263517721040074,True,True
IMG_00286.png,19.312113016495225,64.14607112778029,True,True,21.887495904614447,True,21.887495904614447,True,True
IMG_00287.png,28.83639712953897,35.335262316551685,True,True,15.271816794684014,True,15.271816794684014,True,True
IMG_00288.png,17.676030352602268,78.5122296507655,True,True,24.613423118345402,True,24.613423118345402,True,True
IMG_00289.png,18.60119454087076,56.1940508900193,True,True,17.941307244174098,True,17.941307244174098,True,True
IMG_00290.png,19.305274384029723,102.85938487369219,True,True,33.13383468395798,True,33.13383468395798,True,True
IMG_00291.png,13.582481470779355,80.11477746540982,True,True,19.303938126427674,True,19.303938126427674,True,True
IMG_00292.png,28.680795237255772,38.829097398363224,True,True,17.47065400614945,True,17.47065400614945,True,True
IMG_00293.png,13.065038705323301,138.97272836896684,True,True,33.90971288742744,True,33.90971288742744,True,True
IMG_00294.png,22.588498237732832,65.45994022050076,True,True,23.106864719436008,True,23.106864719436008,True,True
IMG_00295.png,24.966127447698124,59.246565102390804,True,True,22.443646039410872,True,22.443646039410872,True,True
IMG_00296.png,12.645551686417102,90.12157889604335,True,True,23.680527389150594,True,23.680527389150594,True,True
IMG_00297.png,13.004652209569752,89.39593005511196,True,True,20.851959618466754,True,20.851959618466754,True,True
IMG_00298.png,22.12105548976904,64.41920106227045,True,True,22.94085988335879,True,22.94085988335879,True,True
IMG_00299.png,16.42,81.5,False,False,20.7,False,7.285380953342169,True,False
IMG_00300.png,14.86466778741971,72.72394816956927,True,True,16.20284931257139,True,16.20284931257139,True,True
IMG_00301.png,20.079983365237972,110.10962809919522,True,True,20.7,False,38.075157502493546,True,True
IMG_00302.png,18.63888177949744,60.081533032663295,True,True,20.673195078000155,True,20.673195078000155,True,True
IMG_00303.png,12.902586106627222,62.33605578170604,True,True,18.99670156612602,True,18.99670156612602,True,True
IMG_00304.png,13.861425693063502,100.60498607238688,True,True,29.170501688100423,True,29.170501688100423,True,True
IMG_00305.png,25.970727793218323,39.300878291549374,True,True,15.956671413974453,True,15.956671413974453,True,True
IMG_00306.png,20.21890649018944,53.105674257167465,True,True,18.11335623707842,True,18.11335623707842,True,True
IMG_00307.png,12.878410603148149,96.9051191203379,True,True,25.200755253610605,True,25.200755253610605,True,True
IMG_00308.png,29.600454504144373,46.320398531988346,True,True,20.768662719217325,True,20.768662719217325,True,True
IMG_00309.png,23.862122126362628,37.81758271212461,True,True,14.626351036144781,True,14.626351036144781,True,True
