image_id,h,w,apo_h,apo_w,pa_deg,mt_px,n_fasc,ok,note
image_0000,556,996,864,1152,10.694474947771395,233.76191919045982,5,True,blend
image_0001,556,996,864,1152,10.853238228158013,222.67885728113197,3,True,blend
image_0002,556,996,864,1152,9.074106182356891,183.35407762300346,6,True,blend
image_0003,556,996,864,1152,7.833605250712486,196.18358471614505,8,True,blend
image_0004,556,996,864,1152,3.8627105031631013,224.24885712308276,2,True,trig
image_0005,556,996,864,1152,11.434803687627108,219.8452063256647,9,True,blend
image_0006,556,996,864,1152,9.694465061520544,217.8354027362642,8,True,blend
image_0007,556,996,864,1152,6.863398980737248,238.03599305978665,7,True,blend
image_0008,556,996,864,1152,9.961844295516608,226.45627264771886,6,True,blend
image_0009,556,996,864,1152,16.99003399649952,233.74831944615008,8,True,blend
image_0010,556,996,864,1152,10.812365496521458,191.56072687190834,7,True,blend
image_0011,556,996,864,1152,15.200314385748813,225.70790957640102,7,True,blend
image_0012,556,996,864,1152,12.719136219732516,183.82920100997626,7,True,blend
image_0013,556,996,864,1152,10.941787162345152,213.12308859320157,8,True,blend
image_0014,556,996,864,1152,12.094459496273974,202.84164247671197,15,True,blend
image_0015,556,996,864,1152,13.65269902524749,249.3183009681439,20,True,blend
image_0016,556,996,864,1152,11.095396806318792,212.21120538977152,18,True,blend
image_0017,556,996,864,1152,10.463542898587557,148.50883501779023,14,True,blend
image_0018,556,996,864,1152,4.561427212700453,128.77721522058565,5,True,blend
image_0019,556,996,864,1152,5.4354046332045005,166.02443025592004,9,True,blend
image_0020,556,996,864,1152,11.093679475208788,173.7836275519462,13,True,blend
image_0021,556,996,864,1152,10.85980786277628,198.88894179961667,13,True,blend
image_0022,556,996,864,1152,8.521954807264894,279.2995823886236,12,True,blend
image_0023,556,996,864,1152,5.552862801833465,202.30864944164804,9,True,blend
image_0024,556,996,864,1152,14.63827754114032,259.0320538207759,13,True,blend
image_0025,556,996,864,1152,15.90490895792676,222.46654901197118,6,True,blend
image_0026,556,996,864,1152,15.279565885685791,249.6975268510059,10,True,blend
image_0027,556,996,864,1152,14.73785663021671,215.52814148068444,6,True,blend
image_0028,556,996,864,1152,12.918257834773433,268.713760822338,12,True,blend
image_0029,556,996,864,1152,10.178314230409393,237.22311855503872,15,True,blend
image_0030,556,996,864,1152,16.110048062633677,282.28368145033113,15,True,blend
image_0031,556,996,864,1152,13.104600752510894,224.93319172829487,14,True,blend
image_0032,556,996,864,1152,14.934639804067372,227.15823507317182,17,True,blend
image_0033,556,996,864,1152,8.60323348276605,257.2639674807383,15,True,blend
image_0034,556,996,864,1152,12.713874125067125,211.96600103804585,16,True,blend
image_0035,556,996,864,1152,14.498171090881115,188.50628881434352,16,True,blend
image_0036,556,996,864,1152,12.557711301818546,255.12062696592156,14,True,blend
image_0037,556,996,864,1152,17.20280482258395,218.24317376821014,16,True,blend
image_0038,556,996,864,1152,18.83280885041304,182.37230854000563,17,True,blend
image_0039,556,996,864,1152,11.578945494644989,174.03256165185633,16,True,blend
image_0040,556,996,864,1152,12.28639741057359,232.8890230037645,15,True,blend
image_0041,556,996,864,1152,12.484088589560209,246.69519162606605,15,True,blend
image_0042,556,996,864,1152,8.13029993442804,200.28161103788113,9,True,blend
image_0043,556,996,864,1152,4.2831930633192865,202.34102121349315,11,True,blend
image_0044,556,996,864,1152,14.312140806915497,243.44328565871257,18,True,blend
image_0045,556,996,864,1152,11.053950032554603,212.3676777774869,20,True,blend
image_0046,556,996,864,1152,10.773590753906921,235.2221210482253,20,True,blend
image_0047,556,996,864,1152,12.557732203392511,209.14457612693292,20,True,blend
image_0048,556,996,864,1152,10.003034967619694,180.64723496584907,16,True,blend
image_0049,556,996,864,1152,13.881259338214836,249.04946012292,17,True,blend
image_0050,556,996,864,1152,10.811696354463349,232.70982349258566,19,True,blend
image_0051,556,996,864,1152,11.486711269671844,233.1570014700783,16,True,blend
image_0052,556,996,864,1152,6.461823303722225,191.5232962285213,14,True,blend
image_0053,556,996,864,1152,12.741421404682443,188.99720569596025,16,True,blend
image_0054,556,996,864,1152,12.543836720730171,158.28404742364228,17,True,blend
image_0055,556,996,864,1152,5.454691832343807,232.8934471985133,14,True,blend
image_0056,556,996,864,1152,10.490435014356224,212.3705854618763,19,True,blend
image_0057,556,996,864,1152,10.682058181210085,246.88495371004362,16,True,blend
image_0058,556,996,864,1152,11.072095417360584,199.59034339471714,15,True,blend
image_0059,556,996,864,1152,5.390000690187524,142.48511320874485,14,True,blend
image_0060,556,996,864,1152,9.006011031024169,211.6258180327608,17,True,blend
image_0061,556,996,864,1152,13.672280099756835,222.6377509501074,17,True,blend
image_0062,556,996,864,1152,13.741267857552439,295.1491795280948,19,True,blend
image_0063,556,996,864,1152,7.13406989290854,295.2856203282952,17,True,blend
image_0064,556,996,864,1152,4.900852026153952,176.98013706067576,13,True,blend
image_0065,556,996,864,1152,10.380506015514396,246.6543878338083,12,True,blend
image_0066,556,996,864,1152,11.220564901470397,231.34069151116876,17,True,blend
image_0067,556,996,864,1152,13.613778816151884,229.63517014996785,13,True,blend
image_0068,556,996,864,1152,9.232831968106957,211.7417402755892,17,True,blend
image_0069,556,996,864,1152,10.91921561306833,199.3360043510755,17,True,blend
image_0070,556,996,864,1152,7.685502742246457,212.6889534652356,25,True,blend
image_0071,556,996,864,1152,12.6547277624168,228.80125214589228,15,True,blend
image_0072,556,996,864,1152,6.86959428310336,218.3850820952066,15,True,blend
image_0073,556,996,864,1152,8.049349695277211,219.737119534498,20,True,blend
image_0074,556,996,864,1152,10.855856003692415,207.53403552504423,14,True,blend
image_0075,556,996,864,1152,9.586576675207887,217.1398574624658,17,True,blend
image_0076,556,996,864,1152,11.979129079483167,237.4381213740977,16,True,blend
image_0077,556,996,864,1152,14.939180755719995,237.8084538217348,20,True,blend
image_0078,556,996,864,1152,13.037109754302334,261.9963455521642,13,True,blend
image_0079,556,996,864,1152,9.566830730175624,263.6582198513686,15,True,blend
image_0080,556,996,864,1152,14.459182788310946,273.87381403484295,17,True,blend
image_0081,556,996,864,1152,13.564924099190819,238.80344964966199,18,True,blend
image_0082,556,996,864,1152,10.775487058917877,275.59422632551184,19,True,blend
image_0083,556,996,864,1152,12.794359216694293,226.156987999536,20,True,blend
image_0084,556,996,864,1152,7.059507181511371,222.731588651773,18,True,blend
image_0085,556,996,864,1152,9.3023618339335,209.47784913591263,18,True,blend
image_0086,556,996,864,1152,,221.9342039751227,0,False,no usable fascicle fragments
image_0087,556,996,864,1152,12.197977379139001,206.8151933308318,17,True,blend
image_0088,556,996,864,1152,7.718045482181982,211.79176382959682,20,True,blend
image_0089,556,996,864,1152,11.292304105019053,257.19227439013235,22,True,blend
image_0090,556,996,864,1152,8.51366922012689,288.61620491351897,21,True,blend
image_0091,556,996,864,1152,10.121368010312084,158.91590223092044,16,True,blend
image_0092,556,996,864,1152,11.763251221541424,262.8121522307285,18,True,blend
image_0093,556,996,864,1152,8.701944086859616,292.4367663384955,18,True,blend
image_0094,556,996,864,1152,7.657924002975552,278.0724519554937,19,True,blend
image_0095,556,996,864,1152,10.027554216056068,298.241676161359,19,True,blend
image_0096,556,996,864,1152,6.377436448896271,159.40879940583537,12,True,blend
image_0097,556,996,864,1152,9.425170912701066,218.1853450340134,18,True,blend
image_0098,556,996,864,1152,10.488325042906625,213.11822217824954,21,True,blend
image_0099,556,996,864,1152,13.889793619632275,232.38175505545564,18,True,blend
image_0100,556,996,864,1152,14.693349710098902,225.56000348123618,17,True,blend
image_0101,556,996,864,1152,10.940764595470435,208.40494064822076,22,True,blend
image_0102,556,996,864,1152,15.971946358440755,205.03019884229562,18,True,blend
image_0103,556,996,864,1152,13.996670040898076,246.9335477567429,20,True,blend
image_0104,556,996,864,1152,16.963662527064354,209.0416495579549,20,True,blend
image_0105,556,996,864,1152,11.035181976195645,217.22592637826736,12,True,blend
image_0106,556,996,864,1152,11.440098394739053,137.7694799939199,14,True,blend
image_0107,556,996,864,1152,14.301645957031297,193.90831521076643,14,True,blend
image_0108,556,996,864,1152,13.122253107183013,187.88329793174003,20,True,blend
image_0109,556,996,864,1152,16.08076677379701,221.61043760128254,16,True,blend
image_0110,556,996,864,1152,13.339891417856819,229.97436349430086,18,True,blend
image_0111,556,996,864,1152,13.450361885793757,211.96580910750325,19,True,blend
image_0112,556,996,864,1152,16.982002443207715,189.291995329458,15,True,blend
image_0113,556,996,864,1152,12.696209148659987,182.85543924921546,15,True,blend
image_0114,556,996,864,1152,15.547775789745947,194.06521863500927,14,True,blend
image_0115,556,996,864,1152,17.75772876524563,190.02253795483034,11,True,blend
image_0116,556,996,864,1152,15.31016577614942,183.3485987918394,12,True,blend
image_0117,556,996,864,1152,12.00478761723631,192.70928197151662,13,True,blend
image_0118,556,996,864,1152,13.917091482409326,208.2959523111182,17,True,blend
image_0119,556,996,864,1152,12.637738696280456,246.95828826304546,17,True,blend
image_0120,556,996,864,1152,13.747766178409083,225.66628175420414,18,True,blend
image_0121,556,996,864,1152,8.300800696076513,216.496581523975,23,True,blend
image_0122,556,996,864,1152,11.06544462490352,225.06726890789287,18,True,blend
image_0123,556,996,864,1152,13.670882037455751,217.9573345088768,21,True,blend
image_0124,556,996,864,1152,11.634224997680278,233.57817094071288,22,True,blend
image_0125,556,996,864,1152,5.950211884991023,173.6098939464768,21,True,blend
image_0126,556,996,864,1152,7.847290066000839,167.2449564284244,17,True,blend
image_0127,556,996,864,1152,11.397008644014265,220.17454139897927,17,True,blend
image_0128,556,996,864,1152,10.338242703066339,222.99692224415048,15,True,blend
image_0129,556,996,864,1152,15.542429595418572,209.5148280973136,16,True,blend
image_0130,556,996,864,1152,9.328356561987421,292.8095479061897,21,True,blend
image_0131,556,996,864,1152,12.137316429829411,281.8923485922057,9,True,blend
image_0132,556,996,864,1152,10.308320618804128,127.31937975772011,16,True,blend
image_0133,556,996,864,1152,6.42288611973961,244.27218576115055,18,True,blend
image_0134,556,996,864,1152,6.705492454922922,245.7035124657425,16,True,blend
image_0135,556,996,864,1152,10.686864032473535,253.5492411898235,14,True,blend
image_0136,556,996,864,1152,9.662118264218746,222.55475717908072,16,True,blend
image_0137,556,996,864,1152,3.69091643838906,187.4560154556084,10,True,trig
image_0138,556,996,864,1152,9.76052106125751,191.6283103330539,18,True,blend
image_0139,556,996,864,1152,12.484989511358112,202.75146976753203,11,True,blend
image_0140,556,996,864,1152,10.491859289792345,201.77450425238214,15,True,blend
image_0141,556,996,864,1152,12.677470482910692,189.9875583235812,16,True,blend
image_0142,556,996,864,1152,13.20801138687973,253.66493916165177,15,True,blend
image_0143,556,996,864,1152,11.19644756903626,196.55457786184934,13,True,blend
image_0144,556,996,864,1152,14.44952200639889,203.3921757406332,12,True,blend
image_0145,556,996,864,1152,7.60294756642494,148.4521944418777,13,True,blend
image_0146,556,996,864,1152,9.07291385871266,155.31528711073608,18,True,blend
image_0147,556,996,864,1152,7.853637770637581,176.12387511423003,16,True,blend
image_0148,556,996,864,1152,9.0541676940459,285.35656071904094,9,True,blend
image_0149,556,996,864,1152,13.0896704537858,300.07965339378603,12,True,blend
image_0150,556,996,864,1152,12.951094930161084,299.1050642721682,13,True,blend
image_0151,556,996,864,1152,13.472108470685079,271.26972210940625,10,True,blend
image_0152,556,996,864,1152,9.467844826431392,216.40129038587406,16,True,blend
image_0153,556,996,864,1152,10.103768536185513,178.57393228238922,18,True,blend
image_0154,556,996,864,1152,7.903840239684113,217.94675543626735,18,True,blend
image_0155,556,996,864,1152,10.019888332112625,235.54317374910485,16,True,blend
image_0156,556,996,864,1152,12.122668276291229,218.8857234228106,14,True,blend
image_0157,556,996,864,1152,7.469059195598083,180.2561309314965,15,True,blend
image_0158,556,996,864,1152,12.33814423877531,213.85457880972388,16,True,blend
image_0159,556,996,864,1152,8.782115786922315,182.1617155058616,16,True,blend
image_0160,556,996,864,1152,12.709146973570618,225.924658029862,18,True,blend
image_0161,556,996,864,1152,11.97984771384484,203.71389020023207,12,True,blend
image_0162,556,996,864,1152,11.81532526649212,189.51438037279104,16,True,blend
image_0163,556,996,864,1152,6.487891828826426,177.50303514077427,16,True,blend
image_0164,556,996,864,1152,12.46459152578435,193.58354540774658,14,True,blend
image_0165,556,996,864,1152,4.884869040764472,210.3739299503893,11,True,blend
image_0166,556,996,864,1152,10.932379209964393,193.54957504727057,15,True,blend
image_0167,556,996,864,1152,11.309802985571725,181.4034485130709,16,True,blend
image_0168,556,996,864,1152,11.357199809020042,223.19455682088713,15,True,blend
image_0169,556,996,864,1152,13.022780927259479,217.69145294953117,12,True,blend
image_0170,556,996,864,1152,8.908188804768425,213.955945193175,18,True,blend
image_0171,556,996,864,1152,12.992201275471563,181.53928459713697,16,True,blend
image_0172,556,996,864,1152,11.927796163694193,202.2324971453839,18,True,blend
image_0173,556,996,864,1152,6.435321809943472,181.8485917115024,6,True,blend
image_0174,556,996,864,1152,3.387977713471867,153.8885160587415,1,True,trig
image_0175,556,996,864,1152,7.158718205069846,171.40425196507667,2,True,blend
image_0176,556,996,864,1152,8.480289965804168,187.16863927468634,9,True,blend
image_0177,556,996,864,1152,13.403621876612878,202.8519593300754,6,True,blend
image_0178,556,996,864,1152,16.40308809162898,168.79257180165862,11,True,blend
image_0179,556,996,864,1152,15.076730753643771,162.5738967349725,11,True,blend
image_0180,556,996,864,1152,15.357007448955883,137.63415605719783,8,True,blend
image_0181,556,996,864,1152,10.41188136251095,217.0347841602735,13,True,blend
image_0182,556,996,864,1152,7.543407291230608,158.63170187579502,10,True,blend
image_0183,556,996,864,1152,13.352225217566541,222.88499058415962,10,True,blend
image_0184,556,996,864,1152,13.599316439305948,215.25821031224368,11,True,blend
image_0185,556,996,864,1152,13.837298013168015,200.32094082488663,5,True,blend
image_0186,556,996,864,1152,11.686749329865483,203.58315158841538,8,True,blend
image_0187,556,996,864,1152,6.980400308983803,163.2036932018187,8,True,blend
image_0188,556,996,864,1152,9.743673383367174,168.40220691987236,10,True,blend
image_0189,556,996,864,1152,15.04258166278877,183.25400910998266,9,True,blend
image_0190,556,996,864,1152,14.642240984710138,164.10876686226547,12,True,blend
image_0191,556,996,864,1152,13.622017526698535,170.27083175807914,13,True,blend
image_0192,556,996,864,1152,7.563369142230376,214.36171512580307,11,True,blend
image_0193,556,996,864,1152,11.777730202861207,156.36585394084992,8,True,blend
image_0194,556,996,864,1152,8.7794297803269,170.2137662868668,2,True,blend
image_0195,556,996,864,1152,8.481573863438317,155.96878175846126,12,True,blend
image_0196,556,996,864,1152,4.7918865736893945,128.8214550622921,3,True,blend
image_0197,556,996,864,1152,9.435422149025245,221.4091653598225,12,True,blend
image_0198,556,996,864,1152,10.049879940716135,213.06754637284962,14,True,blend
image_0199,556,996,864,1152,10.116078954442536,188.06140239437312,14,True,blend
image_0200,556,996,864,1152,6.174169059024181,142.66263757147468,6,True,blend
image_0201,556,996,864,1152,9.98885847066157,166.05376418554468,16,True,blend
image_0202,556,996,864,1152,8.74851659865746,188.95254959063527,11,True,blend
image_0203,556,996,864,1152,6.926924937836301,157.89450506824528,5,True,blend
image_0204,556,996,864,1152,5.446416130150397,189.66519550827545,8,True,blend
image_0205,556,996,864,1152,9.727036877952996,120.67269336482104,9,True,blend
image_0206,556,996,864,1152,7.037976039399657,193.74776944490577,13,True,blend
image_0207,556,996,864,1152,5.345990839368002,170.26738741252387,5,True,blend
image_0208,556,996,864,1152,7.637255421803603,170.4102367277393,12,True,blend
image_0209,556,996,864,1152,9.085875200571884,158.47045729345214,4,True,blend
image_0210,556,996,864,1152,10.890439787129738,157.0739499436631,6,True,blend
image_0211,556,996,864,1152,7.469210384464672,128.4987157030869,10,True,blend
image_0212,556,996,864,1152,,,0,False,fewer than two aponeuroses
image_0213,556,996,864,1152,5.297793609750888,167.5644917790422,5,True,blend
image_0214,556,996,864,1152,13.420672950213296,178.2327105875139,12,True,blend
image_0215,556,996,864,1152,7.574857950108542,175.7299740224894,13,True,blend
image_0216,556,996,864,1152,8.879414274104626,176.61316779034595,12,True,blend
image_0217,556,996,864,1152,10.907502846785656,187.34425598807078,13,True,blend
image_0218,556,996,864,1152,15.749187787469896,186.59252139944192,15,True,blend
image_0219,556,996,864,1152,8.490405977991553,179.50882071686658,12,True,blend
image_0220,556,996,864,1152,12.004970542839443,174.6357411976569,13,True,blend
image_0221,556,996,864,1152,6.491159915919463,168.8559719697419,16,True,blend
image_0222,556,996,864,1152,8.612822148708062,148.5600861647341,11,True,blend
image_0223,556,996,864,1152,10.795083551530052,173.79562099339043,12,True,blend
image_0224,556,996,864,1152,10.89071672440189,170.08537844544043,10,True,blend
image_0225,556,996,864,1152,9.04846466188278,222.94735879819373,15,True,blend
image_0226,556,996,864,1152,10.118408211140563,227.84610393425908,12,True,blend
image_0227,556,996,864,1152,10.71139716181318,195.06602841246706,13,True,blend
image_0228,556,996,864,1152,13.032587311625742,203.57626939441192,13,True,blend
image_0229,556,996,864,1152,10.046459612515989,243.9883968488507,17,True,blend
image_0230,556,996,864,1152,13.460298930768873,268.2933517669508,14,True,blend
image_0231,556,996,864,1152,,251.29853233495137,0,False,no usable fascicle fragments
image_0232,556,996,864,1152,9.156902942064187,185.23088378171028,17,True,blend
image_0233,556,996,864,1152,10.139584126471968,242.41643885420004,12,True,blend
image_0234,556,996,864,1152,12.534550795513965,231.0855152037183,8,True,blend
image_0235,556,996,864,1152,12.77079972980269,203.22860483767045,14,True,blend
image_0236,556,996,864,1152,7.582730175114394,211.17258407511954,16,True,blend
image_0237,556,996,864,1152,6.606512784541313,235.04107173235835,16,True,blend
image_0238,556,996,864,1152,8.732470332578306,257.13783899325193,15,True,blend
image_0239,556,996,864,1152,11.92556087066896,270.3754888040937,14,True,blend
image_0240,556,996,864,1152,12.299282656071012,211.456784577928,13,True,blend
image_0241,556,996,864,1152,12.12265023213401,232.00135745884725,14,True,blend
image_0242,556,996,864,1152,9.812505060670105,196.59279939518922,12,True,blend
image_0243,556,996,864,1152,11.83568759287719,191.16629221660196,17,True,blend
image_0244,556,996,864,1152,6.222675984004801,227.64122797323694,11,True,blend
image_0245,556,996,864,1152,11.887830448687472,220.24760757024566,10,True,blend
image_0246,556,996,864,1152,9.969285705511487,198.62864414166233,10,True,blend
image_0247,556,996,864,1152,11.599176807573377,195.83775518529762,13,True,blend
image_0248,556,996,864,1152,11.673111100824828,190.5859036048835,15,True,blend
image_0249,556,996,864,1152,14.537567221933365,225.307916314584,15,True,blend
image_0250,556,996,864,1152,10.169052553088473,206.61757271801943,11,True,blend
image_0251,556,996,864,1152,9.225595252643297,172.96556192289893,19,True,blend
image_0252,556,996,864,1152,15.570144031502707,202.1378422827505,14,True,blend
image_0253,556,996,864,1152,11.757802797899716,226.66183992847138,14,True,blend
image_0254,556,996,864,1152,12.31885161029156,192.86025354892365,15,True,blend
image_0255,556,996,864,1152,12.932354767773791,192.58175933450696,13,True,blend
image_0256,556,996,864,1152,9.926420436392139,153.79108295319097,12,True,blend
image_0257,556,996,864,1152,13.260663659297407,201.05503988668454,14,True,blend
image_0258,556,996,864,1152,11.4118291078736,202.77997357963432,13,True,blend
image_0259,556,996,864,1152,17.045941659820063,174.53661365472385,17,True,blend
image_0260,556,996,864,1152,19.440397604947275,184.82016855191011,15,True,blend
image_0261,556,996,864,1152,16.799361784540025,179.51619872968627,12,True,blend
image_0262,556,996,864,1152,12.829281865909405,184.01299407268922,11,True,blend
image_0263,556,996,864,1152,16.282916007687316,192.54436437379786,10,True,blend
image_0264,556,996,864,1152,14.33654264611698,182.98186910752838,15,True,blend
image_0265,556,996,864,1152,13.781880880810803,115.92173469434664,11,True,blend
image_0266,556,996,864,1152,14.0561248202958,195.48184312446318,18,True,blend
image_0267,556,996,864,1152,14.949447277410844,187.34148492702013,12,True,blend
image_0268,556,996,864,1152,14.736166560488062,174.41062640692962,15,True,blend
image_0269,556,996,864,1152,11.711050172114522,161.28024799859764,12,True,blend
image_0270,556,996,864,1152,8.413193771397982,186.48699915140256,18,True,blend
image_0271,556,996,864,1152,10.664947033995297,192.07424327641695,18,True,blend
image_0272,556,996,864,1152,9.764015765035623,186.22021923674743,18,True,blend
image_0273,556,996,864,1152,9.240633800985211,148.63114494003813,16,True,blend
image_0274,556,996,864,1152,11.709719800022713,186.7183313693788,19,True,blend
image_0275,556,996,864,1152,7.616935075706442,204.43236558256353,26,True,blend
image_0276,556,996,864,1152,7.365453532499868,202.0138318019758,17,True,blend
image_0277,556,996,864,1152,4.762160515725692,173.73642288412657,15,True,blend
image_0278,556,996,864,1152,12.604823806923704,185.1532653198277,18,True,blend
image_0279,556,996,864,1152,7.3246696120034,176.46640946356112,21,True,blend
image_0280,556,996,864,1152,8.895498247843204,216.79243279881777,17,True,blend
image_0281,556,996,864,1152,10.088153575708152,201.71126212829947,12,True,blend
image_0282,556,996,864,1152,6.7308889465185295,217.06194324388252,24,True,blend
image_0283,556,996,864,1152,13.3151275490723,201.88626299743555,24,True,blend
image_0284,556,996,864,1152,4.388993858802924,203.05238550075447,12,True,trig
image_0285,556,996,864,1152,10.712718124113358,218.65907914227114,18,True,blend
image_0286,556,996,864,1152,6.753950234052521,150.3764116948001,16,True,blend
image_0287,556,996,864,1152,8.620908455707195,160.8406194792172,20,True,blend
image_0288,556,996,864,1152,13.080274707893295,249.3798493949528,19,True,blend
image_0289,556,996,864,1152,12.103184322826205,218.08156290837374,19,True,blend
image_0290,556,996,864,1152,12.063065271261458,166.98074285934433,20,True,blend
image_0291,556,996,864,1152,9.722123618167352,200.3509904315821,20,True,blend
image_0292,556,996,864,1152,16.038397813453752,214.68108040905562,19,True,blend
image_0293,556,996,864,1152,13.826382883356926,167.72347821372082,22,True,blend
image_0294,556,996,864,1152,14.060336266108155,183.36554965350098,18,True,blend
image_0295,556,996,864,1152,14.041374069104439,227.34533629125326,25,True,blend
image_0296,556,996,864,1152,9.559520833611066,218.32930372920273,19,True,blend
image_0297,556,996,864,1152,13.569416103878627,252.19690233311417,20,True,blend
image_0298,556,996,864,1152,7.9779803463012255,185.42935566007748,15,True,blend
image_0299,556,996,864,1152,5.597072972871159,201.03837072691368,18,True,blend
image_0300,556,996,864,1152,6.790732437485509,236.47938743347902,9,True,blend
image_0301,556,996,864,1152,6.426383338086877,201.31745994335316,22,True,blend
image_0302,556,996,864,1152,9.753476588639204,293.7193433360312,17,True,blend
image_0303,556,996,864,1152,7.259037961153065,275.86315576409993,19,True,blend
image_0304,556,996,864,1152,6.386957279422041,211.30960526825928,13,True,blend
image_0305,556,996,864,1152,13.380718015237514,304.9968271870416,19,True,blend
image_0306,556,996,864,1152,15.42250954470018,299.14100300382466,16,True,blend
image_0307,556,996,864,1152,5.63300141000123,187.8361628656744,17,True,blend
image_0308,556,996,864,1152,9.023720277670687,244.25269536887322,16,True,blend
image_0309,556,996,864,1152,3.5082638697661377,208.67312045198213,4,True,trig
image_0310,556,996,864,1152,11.958039744872664,249.31859498022206,14,True,blend
image_0311,556,996,864,1152,14.629953890765226,167.06281350723907,16,True,blend
image_0312,556,996,864,1152,8.98801336346445,208.33945338160947,17,True,blend
image_0313,556,996,864,1152,14.951492529031608,209.5892687254908,25,True,blend
image_0314,556,996,864,1152,10.403034646233861,185.72547708474212,19,True,blend
image_0315,556,996,864,1152,8.28037877979936,174.40705739980584,16,True,blend
image_0316,556,996,864,1152,11.063063756158193,195.3067927311198,18,True,blend
image_0317,556,996,864,1152,10.369942381887064,189.33355416164645,19,True,blend
image_0318,556,996,864,1152,11.988448293200527,264.2569618157748,18,True,blend
image_0319,556,996,864,1152,9.94782095386947,265.77557716131395,16,True,blend
image_0320,556,996,864,1152,11.175908172489244,224.10882438375518,18,True,blend
image_0321,556,996,864,1152,10.64983706312628,231.11043364971158,19,True,blend
image_0322,556,996,864,1152,11.698377490319137,224.82856188793747,15,True,blend
image_0323,556,996,864,1152,6.719635096479251,216.86874736875862,17,True,blend
image_0324,556,996,864,1152,9.678932887557748,223.82479520612762,18,True,blend
image_0325,556,996,864,1152,19.34595509519795,184.9153027514759,17,True,blend
image_0326,556,996,864,1152,6.423551122135134,155.31287754883238,19,True,blend
image_0327,556,996,864,1152,15.323243610918357,201.01532030600228,13,True,blend
image_0328,556,996,864,1152,6.743750742312441,217.34537895197988,13,True,blend
image_0329,556,996,864,1152,9.952355342970975,173.85989283583785,18,True,blend
image_0330,556,996,864,1152,10.999326167501355,197.16316968675156,15,True,blend
image_0331,556,996,864,1152,11.90217079304885,223.7390279103441,13,True,blend
image_0332,556,996,864,1152,8.301188531735509,222.6130686031771,12,True,blend
image_0333,556,996,864,1152,9.158899480035458,199.38418360091356,17,True,blend
image_0334,556,996,864,1152,14.860104345835634,225.9346840415251,18,True,blend
image_0335,556,996,864,1152,16.266222495665836,224.35082146171732,11,True,blend
image_0336,556,996,864,1152,18.648339994652353,234.52943661031588,13,True,blend
image_0337,556,996,864,1152,20.627624526114516,210.5969692775781,14,True,blend
image_0338,556,996,864,1152,20.468032764164164,204.2970980816978,12,True,blend
image_0339,556,996,864,1152,15.819938946988877,180.31226052273624,12,True,blend
image_0340,556,996,864,1152,8.22341064815746,208.37304131998766,12,True,blend
image_0341,556,996,864,1152,5.301116414753672,211.92311391562967,12,True,blend
image_0342,556,996,864,1152,12.166745674420131,245.40688131193514,15,True,blend
image_0343,556,996,864,1152,10.120954798741034,223.7428024471039,17,True,blend
image_0344,556,996,864,1152,10.777708185944354,171.71521705976693,22,True,blend
image_0345,556,996,864,1152,13.730040021837707,190.53788453259554,17,True,blend
image_0346,556,996,864,1152,11.38334681419545,214.31516019090134,19,True,blend
image_0347,556,996,864,1152,10.415048146125766,230.33172292119536,19,True,blend
image_0348,556,996,864,1152,9.979326697035651,226.85361695538637,18,True,blend
image_0349,556,996,864,1152,8.657700247674494,200.26524709917067,10,True,blend
image_0350,556,996,864,1152,6.2754675869553855,150.26670943010748,15,True,blend
image_0351,556,996,864,1152,12.840374409708659,237.32339371275987,18,True,blend
image_0352,556,996,864,1152,7.510734739946232,196.96385982961039,18,True,blend
image_0353,556,996,864,1152,13.302743894924237,194.3388423120374,23,True,blend
image_0354,556,996,864,1152,8.481127173531245,242.24157554041366,19,True,blend
image_0355,556,996,864,1152,8.634879823845733,256.3127886487054,21,True,blend
image_0356,556,996,864,1152,11.550738308337396,204.62265734971845,18,True,blend
image_0357,556,996,864,1152,13.399397134607025,248.76284564332255,18,True,blend
image_0358,556,996,864,1152,11.339559838458378,224.7584882906656,14,True,blend
image_0359,556,996,864,1152,6.664716844845119,208.49838788345008,14,True,blend
image_0360,556,996,864,1152,8.998248511950202,278.3426491213279,16,True,blend
image_0361,556,996,864,1152,10.00945863199537,271.4675376909708,16,True,blend
image_0362,556,996,864,1152,10.407412471224387,232.24387217094767,18,True,blend
image_0363,556,996,864,1152,11.868728261306078,252.842063608377,16,True,blend
image_0364,556,996,864,1152,12.02245104613942,249.88242937514764,16,True,blend
image_0365,556,996,864,1152,12.503437207878521,204.12858188082808,19,True,blend
image_0366,556,996,864,1152,12.465745700337692,210.9230353959393,16,True,blend
image_0367,556,996,864,1152,5.479010001578996,232.4290475175269,14,True,blend
image_0368,556,996,864,1152,7.144943579972883,238.95785495045615,11,True,blend
image_0369,556,996,864,1152,12.940985934737235,278.0600617390516,16,True,blend
image_0370,556,996,864,1152,11.841715106127207,298.638034299288,20,True,blend
image_0371,1080,1640,864,1152,,,0,False,no plausible aponeurosis pair
image_0372,1080,1640,864,1152,13.69807120745076,509.6118788479738,16,True,blend
image_0373,1080,1640,864,1152,6.160588488219136,394.7211811385748,14,True,trig
image_0374,1080,1640,864,1152,9.394848063630818,398.91533480496463,14,True,blend
image_0375,1080,1640,864,1152,16.111790799631166,411.38812763278787,16,True,blend
image_0376,1080,1640,864,1152,11.843049740574468,378.98088384426296,13,True,blend
image_0377,1080,1640,864,1152,5.18265320013149,296.3174586603395,3,True,trig
image_0378,1080,1640,864,1152,5.362840997615833,261.161117327334,3,True,trig
image_0379,1080,1640,864,1152,4.588229194522769,306.15042839413644,8,True,trig
image_0380,1080,1640,864,1152,13.612832024084494,390.11035036784415,11,True,blend
image_0381,1080,1640,864,1152,4.7065980696254215,221.86194037674906,7,True,blend
image_0382,1080,1640,864,1152,12.380234934111883,412.6498679302361,8,True,blend
image_0383,1080,1640,864,1152,,,0,False,no plausible aponeurosis pair
image_0384,1080,1640,864,1152,,,0,False,no plausible aponeurosis pair
image_0385,1080,1640,864,1152,,,0,False,no plausible aponeurosis pair
image_0386,1080,1640,864,1152,10.039348867298575,535.9570218260409,12,True,trig
image_0387,1080,1640,864,1152,16.991182105976492,563.7557463395907,10,True,blend
image_0388,1080,1640,864,1152,17.56465596362769,482.9114340604234,6,True,blend
image_0389,1080,1640,864,1152,12.153480995944454,371.4330083904642,9,True,blend
image_0390,1080,1640,864,1152,17.436314470639587,393.6377607740725,9,True,blend
image_0391,1080,1640,864,1152,23.245785714229857,352.84457700992243,9,True,blend
image_0392,1080,1640,864,1152,,390.89813418991594,0,False,no usable fascicle fragments
image_0393,1080,1640,864,1152,7.668768071818063,318.5060537689428,12,True,blend
image_0394,1080,1640,864,1152,20.811716609131878,402.5023409099249,14,True,blend
image_0395,1080,1640,864,1152,12.949345215459019,380.0306487305552,12,True,blend
image_0396,1080,1640,864,1152,12.52223643063659,366.09245703535186,7,True,blend
image_0397,1080,1640,864,1152,13.21531933233212,319.6786093055434,13,True,blend
image_0398,1080,1640,864,1152,19.401791621600534,308.5834226312784,13,True,blend
image_0399,1080,1640,864,1152,14.839453655445734,533.0821675263045,10,True,blend
image_0400,1080,1640,864,1152,18.33807909348111,466.6149333712906,13,True,blend
image_0401,1080,1640,864,1152,12.347056123831218,508.2807746864419,11,True,blend
image_0402,1080,1640,864,1152,6.092930397560405,267.68224475841436,9,True,blend
image_0403,1080,1640,864,1152,12.355277660958004,385.7888346192811,10,True,blend
image_0404,1080,1640,864,1152,10.342975732521637,446.773692919317,16,True,blend
image_0405,1080,1640,864,1152,6.55879926505248,443.83053064691455,12,True,trig
image_0406,1080,1640,864,1152,14.950859723585651,392.54508002396983,16,True,blend
image_0407,1080,1640,864,1152,12.823218432431759,351.0368669137585,14,True,blend
image_0408,1080,1640,864,1152,9.53695932577472,394.7905809570814,12,True,blend
image_0409,1080,1640,864,1152,16.62633344777252,466.19741034402324,11,True,blend
image_0410,1080,1640,864,1152,5.632749523549926,334.7645461830939,8,True,trig
image_0411,1080,1640,864,1152,11.88857779670495,420.1518721035438,12,True,blend
image_0412,1080,1640,864,1152,10.694194058641191,482.397507649205,11,True,blend
image_0413,1080,1640,864,1152,16.88409781690942,399.76705909922134,15,True,blend
image_0414,1080,1640,864,1152,16.056344073474364,434.80866218465803,11,True,blend
image_0415,1080,1640,864,1152,15.51790943381667,433.9298220120225,11,True,blend
image_0416,1080,1640,864,1152,14.4399851211483,381.822760530227,11,True,blend
image_0417,1080,1640,864,1152,14.981621797444593,413.11963640559276,14,True,blend
image_0418,1080,1640,864,1152,6.287500288694607,437.26271216084336,10,True,trig
image_0419,1080,1640,864,1152,17.919689567033682,343.48048233823255,14,True,blend
image_0420,1080,1640,864,1152,13.877711785609005,436.02721839374135,9,True,blend
image_0421,1080,1640,864,1152,15.214065484459024,382.30262736429825,14,True,blend
image_0422,1080,1640,864,1152,6.520712152027974,330.7413756856356,2,True,blend
image_0423,1080,1640,864,1152,15.158989773038446,357.81592753432517,8,True,blend
image_0424,1080,1640,864,1152,16.36864400339314,359.9993422590416,10,True,blend
image_0425,1080,1640,864,1152,15.12992899494832,393.0505786269314,13,True,blend
image_0426,1080,1640,864,1152,8.369936763773074,490.6977297513719,13,True,trig
image_0427,1080,1640,864,1152,9.568662086903363,412.6486148501813,11,True,blend
image_0428,1080,1640,600,800,17.711560330575505,388.24118053508823,15,True,blend
image_0429,1080,1640,688,1234,24.56922279579131,303.4192634322889,16,True,blend
image_0430,1080,1640,688,1234,22.77662331229358,333.10516810313663,14,True,blend
image_0431,1080,1640,688,1234,22.970577117105627,311.2939393038177,9,True,blend
image_0432,1080,1640,688,1234,22.420488954372235,312.1265067235552,16,True,blend
image_0433,1080,1640,688,1234,28.899276076122735,360.73841460914696,9,True,blend
image_0434,1080,1640,688,1234,26.220183967858297,284.83452716141284,10,True,blend
image_0435,1080,1640,688,1234,21.685152257751906,427.3756236003087,11,True,blend
image_0436,1080,1640,688,1234,,293.1709298267605,0,False,no usable fascicle fragments
image_0437,1080,1640,688,1234,21.072287000512848,410.3838990342872,13,True,blend
image_0438,1080,1640,600,800,16.98721620198016,506.6821814600127,7,True,blend
image_0439,1080,1640,688,1234,22.93790997022427,392.7116810919497,6,True,blend
image_0440,1080,1640,688,1234,,393.9688007549894,0,False,no usable fascicle fragments
image_0441,1080,1640,688,1234,21.166487685560227,436.23738748298314,11,True,blend
image_0442,1080,1640,600,800,18.6662862506739,268.33445150603103,7,True,blend
image_0443,1080,1640,600,800,15.579992578364738,551.362474147558,9,True,blend
image_0444,1080,1640,688,1234,23.126357904825035,478.3910280607983,12,True,blend
image_0445,1080,1640,600,800,18.181377420009042,301.0309660776888,8,True,blend
image_0446,1080,1640,600,800,18.494324491617128,380.3465066661156,12,True,blend
image_0447,1080,1640,600,800,20.35940927474607,351.87658149712894,11,True,blend
image_0448,1080,1640,600,800,21.438518451699462,355.92714400801896,7,True,blend
image_0449,1080,1640,600,800,20.72830402148831,334.49275552374246,11,True,blend
image_0450,1080,1640,600,800,18.682891063865032,378.68534950936623,13,True,blend
image_0451,1080,1640,600,800,19.638289941905555,382.26117590643156,9,True,blend
image_0452,1080,1640,600,800,16.213500912722726,408.9298926487454,13,True,blend
image_0453,1080,1640,600,800,17.867461025954697,436.2804949666254,15,True,blend
image_0454,1080,1640,600,800,20.051992419466217,363.7485546124061,11,True,blend
image_0455,1080,1640,512,512,17.913804160740725,331.25975301583713,12,True,blend
image_0456,1080,1640,652,800,,318.2581859888524,0,False,no usable fascicle fragments
image_0457,1080,1640,512,512,18.14516347477179,320.2899340245779,14,True,blend
image_0458,1080,1640,652,800,33.25851816795474,472.24791766177657,4,True,blend
image_0459,1080,1640,512,512,17.31779664306594,217.0732691041675,6,True,blend
image_0460,1080,1640,652,800,20.857461092872818,203.83169586691562,4,True,blend
image_0461,1080,1640,652,800,28.677049155643587,197.48205869129424,1,True,blend
image_0462,1080,1640,652,800,31.512932100963482,189.4699613273266,2,True,blend
image_0463,1080,1640,512,512,18.59677872731165,306.12559189547954,11,True,blend
image_0464,1080,1640,652,800,28.32810265207072,534.8662486451841,2,True,blend
image_0465,1080,1640,512,512,17.798550567047272,259.725343342954,10,True,blend
image_0466,1080,1640,652,800,19.977554703835022,365.2003656119622,5,True,blend
image_0467,1080,1640,652,800,,232.244149931611,0,False,no usable fascicle fragments
image_0468,1080,1640,512,512,18.823025675522604,436.91186023669553,12,True,blend
image_0469,1080,1640,512,512,19.09101044486434,329.4581863354671,15,True,blend
image_0470,1080,1640,512,512,19.175299585027396,381.24354520321003,16,True,blend
image_0471,1080,1640,512,512,18.174572989572688,329.56131398569886,13,True,blend
image_0472,1080,1640,512,512,18.28744878857046,426.9986449933667,12,True,blend
image_0473,1080,1640,652,800,28.356269215240513,262.4001073428585,1,True,blend
image_0474,1080,1640,652,800,15.541148086600895,217.589857623464,3,True,blend
image_0475,1080,1640,512,512,18.541479530835005,262.5846232250506,10,True,blend
image_0476,1080,1640,652,800,26.684956848204298,302.66417214240204,7,True,blend
image_0477,1080,1640,652,800,29.219081385225557,233.98347739504447,6,True,blend
image_0478,1080,1640,512,512,17.745568390277658,328.6710957979576,13,True,blend
image_0479,1080,1640,512,512,21.765186545685346,339.5380652794613,14,True,blend
image_0480,1080,1640,512,512,19.16514330833077,302.5292054283339,11,True,blend
image_0481,1080,1640,512,512,17.61316360642722,300.54545096612304,9,True,blend
image_0482,1080,1640,512,512,18.810046709273443,428.0621744334334,14,True,blend
image_0483,1080,1640,512,512,21.86506057584902,301.2742911376362,12,True,blend
image_0484,1080,1640,512,512,19.401429739735335,300.32125513654347,12,True,blend
image_0485,1080,1640,512,512,16.772282441354243,314.32372841624016,15,True,blend
image_0486,1080,1640,512,512,19.77380403995076,316.2964112666878,12,True,blend
image_0487,1080,1640,512,512,,501.33001840106516,0,False,no usable fascicle fragments
image_0488,1080,1640,512,512,19.86621115933434,278.6619415868365,10,True,blend
image_0489,1080,1640,512,512,18.821810128419663,261.9706402863341,11,True,blend
image_0490,1080,1640,512,512,21.058035231734433,277.7537909378559,9,True,blend
image_0491,1080,1640,512,512,18.06199007348527,283.7641886476676,1,True,blend
image_0492,1080,1640,652,800,,,0,False,fewer than two aponeuroses
image_0493,1080,1640,652,800,25.70003790487341,232.97679456459372,4,True,blend
image_0494,1080,1640,652,800,35.09824484743474,273.1710364236071,3,True,blend
image_0495,1080,1640,512,512,20.439414778255745,321.331031274462,11,True,blend
image_0496,1080,1640,512,512,19.482726167272094,330.44725064908175,13,True,blend
image_0497,1080,1640,652,800,30.79509538448389,189.457570248416,3,True,blend
image_0498,1080,1640,512,512,20.500940855034067,437.2569382484466,12,True,blend
image_0499,1080,1640,512,512,17.05413961799599,280.6054844686377,10,True,blend
image_0500,1080,1640,652,800,25.559671365078113,185.35512898029947,3,True,blend
image_0501,1080,1640,652,800,17.172206741132644,250.9534612298195,7,True,blend
image_0502,1080,1640,652,800,27.042093770902408,520.3496853242139,3,True,blend
image_0503,1080,1640,512,512,20.66980719049443,341.66862329235323,11,True,blend
image_0504,1080,1640,512,512,21.06076802525246,418.2407554087427,13,True,blend
image_0505,1080,1640,652,800,29.454168734959442,250.81334037377857,2,True,blend
image_0506,1080,1640,512,512,21.139690479741258,284.04659405982,9,True,blend
image_0507,1080,1640,512,512,18.453921826248276,237.2494195015406,10,True,blend
image_0508,1080,1640,652,800,29.32794837269247,98.10615380149568,1,True,blend
image_0509,1080,1640,652,800,25.276275668158792,190.6630625235689,6,True,blend
image_0510,1080,1640,512,512,20.280458429227984,358.3289466786282,13,True,blend
image_0511,1080,1640,652,800,,,0,False,fewer than two aponeuroses
image_0512,1080,1640,512,512,20.408755651242323,244.04573198478352,11,True,blend
image_0513,1080,1640,512,512,16.472278293941976,243.262928866606,11,True,blend
image_0514,1080,1640,512,512,22.583854326884122,313.9918893482375,13,True,blend
image_0515,1080,1640,512,512,21.333671974029077,345.4625342496,12,True,blend
image_0516,1080,1640,652,800,26.32892615881802,544.0631688262273,4,True,blend
image_0517,1080,1640,512,512,17.73554927421746,258.9392021882303,10,True,blend
image_0518,1080,1640,512,512,18.659214217682777,320.31902121745674,13,True,blend
image_0519,1080,1640,652,800,27.13383863613766,221.02580878362303,7,True,blend
image_0520,1080,1640,512,512,16.23096375681495,281.8927835429524,10,True,blend
image_0521,1080,1640,512,512,19.956490247901055,354.1836754233265,11,True,blend
image_0522,1080,1640,512,512,19.932407440012405,274.23588788177,10,True,blend
image_0523,1080,1640,652,800,,188.91882622989544,0,False,no usable fascicle fragments
image_0524,1080,1640,652,800,24.754586849443477,160.1095566239157,3,True,blend
image_0525,1080,1640,652,800,30.51484984950891,204.96445652763921,5,True,blend
image_0526,1080,1640,652,800,,251.04944866225765,0,False,no usable fascicle fragments
image_0527,1080,1640,512,512,19.101435513732362,231.79766114121776,9,True,blend
image_0528,1080,1640,512,512,17.772986917722378,263.17145133632835,10,True,blend
image_0529,1080,1640,512,512,21.51234033953046,347.70207312374555,14,True,blend
image_0530,1080,1640,512,512,20.428640552978155,435.76838073959595,14,True,blend
image_0531,1080,1640,652,800,29.01847660137369,563.393194516784,3,True,blend
image_0532,1080,1640,652,800,21.686718127627962,203.84845613201978,8,True,blend
image_0533,1080,1640,512,512,20.777876323013473,434.61000749251286,14,True,blend
image_0534,1080,1640,512,512,20.290532818472187,430.44409823911343,13,True,blend
image_0535,1080,1640,652,800,22.955056886111027,240.8647697021939,3,True,blend
image_0536,1080,1640,512,512,22.825814056130355,303.58285262043756,1,True,blend
image_0537,1080,1640,512,512,21.630120774118055,323.0567342837021,8,True,blend
image_0538,1080,1640,512,512,22.901350520695637,296.8973687584366,8,True,blend
image_0539,1080,1640,652,800,27.739876634821826,181.1199581549249,3,True,blend
image_0540,1080,1640,512,512,19.833530035181578,321.73502413906925,7,True,blend
image_0541,1080,1640,512,512,24.562173246595776,508.456924212787,2,True,blend
image_0542,1080,1640,512,512,23.52751364561248,333.57950041450306,9,True,blend
image_0543,1080,1640,652,800,27.158724620432043,188.0815584508234,5,True,blend
image_0544,1080,1640,512,512,22.21147494471269,290.09268595564845,7,True,blend
image_0545,1080,1640,652,800,27.976813473797595,272.75378100393795,4,True,blend
image_0546,1080,1640,652,800,,264.57667403582167,0,False,no usable fascicle fragments
image_0547,1080,1640,512,512,23.387892906905748,303.79747407413504,7,True,blend
image_0548,1080,1640,512,512,22.618340240687235,322.39799766627533,6,True,blend
image_0549,1080,1640,512,512,20.778528931316856,300.58495101524517,7,True,blend
image_0550,1080,1640,512,512,22.981276651421165,356.8560669648676,8,True,blend
image_0551,1080,1640,652,800,23.625560915789354,234.18756832939943,2,True,blend
image_0552,1080,1640,512,512,29.763693138378652,504.9049094610233,1,True,blend
image_0553,1080,1640,512,512,18.75370019313233,265.4974166598226,7,True,blend
image_0554,1080,1640,512,512,22.33143849266752,439.47669364544714,9,True,blend
image_0555,1080,1640,512,512,20.81980637556898,271.5728659635226,6,True,blend
image_0556,1080,1640,652,800,27.79049014325635,264.44004201749823,2,True,blend
image_0557,1080,1640,512,512,21.821342763751375,355.19158324559925,8,True,blend
image_0558,1080,1640,512,512,21.973299197894526,315.8450417698196,6,True,blend
image_0559,1080,1640,512,512,19.423082660617478,335.7096738167639,8,True,blend
image_0560,1080,1640,652,800,,,0,False,fewer than two aponeuroses
image_0561,1080,1640,652,800,22.131690490723546,219.31811810460653,5,True,blend
image_0562,1080,1640,512,512,27.013798712798067,502.16828664685437,2,True,blend
image_0563,1080,1640,512,512,22.6334209504742,253.91434653779325,5,True,blend
image_0564,1080,1640,512,512,20.196474857651012,299.7038261673806,5,True,blend
image_0565,1080,1640,512,512,22.214244583839353,324.3331287873787,6,True,blend
image_0566,1080,1640,512,512,19.31814755975506,277.7284320321748,6,True,blend
image_0567,1080,1640,512,512,18.817737734006062,323.8819891586543,7,True,blend
image_0568,1080,1640,512,512,,252.32575610328254,0,False,no usable fascicle fragments
image_0569,1080,1640,512,512,20.424606929340143,291.9723202826437,6,True,blend
image_0570,1080,1640,512,512,15.93649647826331,253.61616281869226,5,True,blend
image_0571,1080,1640,652,800,32.7375759095335,225.3507503666107,5,True,blend
image_0572,1080,1640,652,800,36.27946420070021,263.53961338752396,1,True,blend
image_0573,1080,1640,512,512,20.227724268671167,256.2317565273854,8,True,blend
image_0574,1080,1640,512,512,19.057883899873204,295.79420166660685,6,True,blend
image_0575,1080,1640,512,512,18.271040101995503,283.4483207297861,6,True,blend
image_0576,1080,1640,512,512,21.736188816758276,353.73426887689664,7,True,blend
image_0577,1080,1640,652,800,29.093745927171266,236.90824598818327,1,True,blend
image_0578,1080,1640,512,512,29.434159936369262,467.8933173787028,1,True,blend
image_0579,1080,1640,512,512,20.739646999875085,270.1463284402243,9,True,blend
image_0580,1080,1640,512,512,,500.00716658743863,0,False,no usable fascicle fragments
image_0581,1080,1640,512,512,20.269626904934878,269.10758196373246,7,True,blend
image_0582,1080,1640,512,512,23.607499034063093,394.5543294459205,9,True,blend
image_0583,1080,1640,512,512,23.839006740851143,264.49196226027624,6,True,blend
image_0584,1080,1640,652,800,23.076289626800307,241.96837891810782,5,True,blend
image_0585,1080,1640,512,512,22.587905869634483,311.96040855565235,7,True,blend
image_0586,1080,1640,652,800,28.767793312251143,237.6282789322016,2,True,blend
image_0587,1080,1640,652,800,23.610414167555803,250.91072072239456,7,True,blend
image_0588,1080,1640,652,800,,332.87809706388765,0,False,no usable fascicle fragments
image_0589,1080,1640,512,512,22.26909119316899,423.31889204691123,10,True,blend
image_0590,1080,1640,652,800,,338.71863589914574,0,False,no usable fascicle fragments
image_0591,1080,1640,652,800,31.45529883302551,494.91305596535017,4,True,blend
image_0592,1080,1640,512,512,23.015502566011723,351.8987230495906,8,True,blend
image_0593,1080,1640,512,512,24.12084875719104,376.05111140967944,9,True,blend
image_0594,1080,1640,512,512,23.465107852667558,306.72200200696176,8,True,blend
image_0595,1080,1640,652,800,,,0,False,no plausible aponeurosis pair
image_0596,1080,1640,512,512,22.64545379240171,274.29340013931727,2,True,blend
image_0597,1080,1640,652,800,31.521138364398794,194.86862176141022,4,True,blend
image_0598,1080,1640,512,512,21.01650894125273,322.51743081291096,8,True,blend
image_0599,1080,1640,512,512,23.854892851947348,353.42378857514154,9,True,blend
image_0600,1080,1640,512,512,22.573057551455634,418.70289356650636,10,True,blend
image_0601,1080,1640,512,512,25.982933985600475,342.846346337436,8,True,blend
image_0602,1080,1640,512,512,22.104286520080464,358.828582705391,9,True,blend
image_0603,1080,1640,652,800,25.12859510636939,265.0121598034953,8,True,blend
image_0604,1080,1640,512,512,22.929427954776962,335.993648768311,11,True,blend
image_0605,1080,1640,512,512,23.75537842266007,404.79168051493366,8,True,blend
image_0606,1080,1640,512,512,22.728155739697268,356.88907948791103,9,True,blend
image_0607,1080,1640,652,800,31.349649085855514,315.21539662720085,7,True,blend
image_0608,1080,1640,652,800,30.663315063446802,312.91486187966285,9,True,blend
image_0609,1080,1640,512,512,22.038296991419678,280.81530103922756,8,True,blend
image_0610,1080,1640,512,512,23.179934929100423,314.762368677692,9,True,blend
image_0611,1080,1640,512,512,24.018351766332415,343.5857199762642,9,True,blend
image_0612,1080,1640,652,800,25.03941761985064,277.2305683106272,9,True,blend
image_0613,1080,1640,512,512,21.190258340623746,397.7259297653995,11,True,blend
image_0614,1080,1640,512,512,24.092790457139905,331.0118683920504,8,True,blend
image_0615,1080,1640,512,512,30.112279211593638,270.18986284587083,2,True,blend
image_0616,1080,1640,512,512,21.636405381451105,249.8476510145233,9,True,blend
image_0617,1080,1640,512,512,22.175730724000395,355.226835462083,10,True,blend
image_0618,1080,1640,652,800,25.959026981528424,210.33722391779733,6,True,blend
image_0619,1080,1640,512,512,25.308658163579466,329.0037531314798,10,True,blend
image_0620,1080,1640,652,800,38.098665596173305,156.77411337145654,5,True,blend
image_0621,1080,1640,512,512,26.76115233227062,273.8255443363584,2,True,blend
image_0622,1080,1640,512,512,24.854776115575287,301.737435133331,7,True,blend
image_0623,1080,1640,512,512,23.044290744228142,416.99686539236563,10,True,blend
image_0624,1080,1640,512,512,23.08450291859222,418.7240565586621,9,True,blend
image_0625,1080,1640,652,800,27.301650595661027,260.7813990270848,7,True,blend
image_0626,1080,1640,652,800,23.271500068466946,208.4464750464664,5,True,blend
image_0627,1080,1640,512,512,22.94527363200417,351.4807743673787,7,True,blend
image_0628,1080,1640,512,512,23.94276527405755,255.02638327129202,6,True,blend
image_0629,1080,1640,652,800,31.432905827289012,547.141297820681,4,True,blend
image_0630,1080,1640,652,800,31.9940765596754,223.94475756812307,5,True,blend
image_0631,1080,1640,512,512,28.75424952178681,272.1369459175742,2,True,blend
image_0632,1080,1640,512,512,22.755434487939098,337.2547001349387,8,True,blend
image_0633,1080,1640,652,800,29.936297309866905,557.4823024998587,5,True,blend
image_0634,1080,1640,652,800,36.712654725993005,204.57531156030896,5,True,blend
image_0635,1080,1640,652,800,26.039207648518698,258.6379032127051,7,True,blend
image_0636,1080,1640,512,512,26.128280038645443,337.55655715063153,8,True,blend
image_0637,1080,1640,512,512,24.659462791742705,367.4379030055681,8,True,blend
image_0638,1080,1640,512,512,25.00313447741607,371.42286309749016,9,True,blend
image_0639,1080,1640,512,512,23.994499404348577,390.06758364359877,9,True,blend
image_0640,1080,1640,512,512,21.593936541679934,347.9476948148872,8,True,blend
image_0641,1080,1640,512,512,20.246285306746387,257.3744200859853,6,True,blend
image_0642,1080,1640,652,800,29.3681556800131,142.21583032625608,5,True,blend
image_0643,1080,1640,512,512,22.72971782918723,292.2224905154642,7,True,blend
image_0644,1080,1640,512,512,20.94989689270117,234.98906755942048,6,True,blend
image_0645,1080,1640,512,512,23.998870028569485,342.45252029843516,8,True,blend
image_0646,1080,1640,512,512,21.576423555453044,290.8350857966412,6,True,blend
image_0647,1080,1640,512,512,25.449907954615668,324.29596250516107,8,True,blend
image_0648,1080,1640,512,512,24.717024028879706,329.8769522054224,8,True,blend
image_0649,1080,1640,512,512,21.515595880626247,409.3853558864016,10,True,blend
image_0650,1080,1640,512,512,21.37409211617191,418.4722821096399,10,True,blend
image_0651,1080,1640,512,512,22.618903875067645,335.41477549885883,9,True,blend
image_0652,1080,1640,512,512,23.671863921394493,356.498687469748,8,True,blend
image_0653,1080,1640,652,800,34.385510470386684,247.75891592103937,7,True,blend
image_0654,1080,1640,512,512,23.905782974085263,350.2420748055869,7,True,blend
image_0655,1080,1640,512,512,21.99113393438024,267.3863719179596,5,True,blend
image_0656,1080,1640,512,512,24.067139519164137,388.760236484867,8,True,blend
image_0657,1080,1640,512,512,21.047762169917736,313.64344516313105,7,True,blend
image_0658,1080,1640,512,512,18.93567537999111,323.7042642761743,7,True,blend
image_0659,1080,1640,512,512,21.84890305573325,350.4205259114052,7,True,blend
image_0660,1080,1640,512,512,19.95650340867774,339.9215379945756,6,True,blend
image_0661,1080,1640,512,512,17.703272028268977,299.1202757406681,6,True,blend
image_0662,1080,1640,512,512,18.342775912407024,247.87498116115955,5,True,blend
image_0663,1080,1640,652,800,21.421685430179593,228.76040259793052,4,True,blend
image_0664,1080,1640,512,512,15.012698717866037,375.73849129886133,8,True,blend
image_0665,1080,1640,512,512,16.205756050022877,274.062135880996,6,True,blend
image_0666,1080,1640,512,512,13.411265240484601,284.7417303396636,7,True,blend
image_0667,1080,1640,512,512,14.199001345843245,263.58259552485555,6,True,blend
image_0668,1080,1640,512,512,14.507565037016352,328.7172443348571,7,True,blend
image_0669,1080,1640,512,512,13.182280844854581,298.00615622414284,8,True,blend
image_0670,1080,1640,512,512,16.174440756746733,360.7147322022018,7,True,blend
image_0671,556,660,512,512,6.600660571692949,121.65507607783152,11,True,blend
image_0672,556,660,512,512,6.041273303481475,177.01435396961506,14,True,blend
image_0673,556,660,512,512,8.007608358451147,220.6744205393934,16,True,blend
image_0674,556,660,512,512,9.97544498897397,122.38764033137971,11,True,blend
image_0675,556,660,512,512,11.519062722688926,181.78541626708554,11,True,blend
image_0676,556,660,512,512,9.373123593324838,124.43872163258355,10,True,blend
image_0677,556,660,512,512,10.693651742588345,169.22893772783686,13,True,blend
image_0678,556,660,512,512,12.011650797435586,188.62812654943727,9,True,blend
image_0679,556,660,512,512,9.520587502956033,123.95449448207194,4,True,blend
image_0680,556,660,512,512,8.989023199098062,124.36292765374515,10,True,blend
image_0681,556,660,512,512,9.551321098171675,138.16324315321447,11,True,blend
image_0682,556,660,512,512,11.152030011485818,149.07890597267377,13,True,blend
image_0683,556,660,512,512,10.694519142339221,143.41678277309794,11,True,blend
image_0684,556,660,512,512,7.306559056701749,171.99138938470037,16,True,blend
image_0685,556,660,512,512,6.6704459220689225,156.31178026632685,19,True,blend
image_0686,556,660,512,512,5.296956302320925,143.79374082681161,12,True,blend
image_0687,556,660,512,512,4.255600598450098,154.8208841666009,12,True,blend
image_0688,556,660,512,512,6.369383625829597,163.94822138975445,16,True,blend
image_0689,556,660,512,512,7.961972850095929,198.24748566336785,12,True,blend
image_0690,556,660,512,512,,157.93303753468692,0,False,no usable fascicle fragments
image_0691,556,660,556,660,16.080694283335195,160.39880228169898,13,True,blend
image_0692,556,660,556,660,23.091462556835555,170.91563851008104,8,True,blend
image_0693,556,660,556,660,17.890632956182642,166.02167170573992,8,True,blend
image_0694,556,660,556,660,21.858695144984722,164.3504997712503,4,True,blend
image_0695,556,660,556,660,20.25888089735342,178.1118928870254,10,True,blend
image_0696,556,660,556,660,17.77119313133413,156.16314709498923,11,True,blend
image_0697,556,660,556,660,18.055518899332395,170.98806259218318,11,True,blend
image_0698,556,660,556,660,16.32897165227715,163.62800812182283,13,True,blend
image_0699,556,660,556,660,16.570015020262385,166.59660680162347,9,True,blend
image_0700,556,660,556,660,14.998158052096562,159.872211002699,11,True,blend
image_0701,556,660,556,660,14.748079043928957,171.90590172442444,12,True,blend
image_0702,556,660,556,660,14.993009484692728,179.95478788104595,18,True,blend
image_0703,556,660,556,660,13.493525212643203,164.81129123299047,18,True,blend
image_0704,556,660,556,660,16.315846547521062,162.22252678678288,13,True,blend
image_0705,556,660,556,660,16.525469203459387,168.9339452097729,14,True,blend
image_0706,556,660,556,660,16.45816005665196,171.96572436220723,13,True,blend
image_0707,556,660,556,660,18.41225712971812,170.4136355443936,6,True,blend
image_0708,556,660,556,660,16.81947549396878,152.5619607582474,7,True,blend
image_0709,556,660,556,660,16.255686446987916,166.4193714539978,7,True,blend
image_0710,556,660,556,660,18.546278610758524,127.21494656751163,9,True,blend
image_0711,556,660,556,660,16.618585439592284,127.87367335640153,7,True,blend
image_0712,556,660,556,660,16.21926305759817,129.3916069301448,8,True,blend
image_0713,556,660,556,660,14.730968954242456,132.3354568025235,14,True,blend
image_0714,556,660,556,660,16.025960866181443,118.6418312254119,12,True,blend
image_0715,556,660,556,660,15.41153048731751,128.54893079178808,13,True,blend
image_0716,556,660,556,660,15.777880173800819,132.52062436084194,13,True,blend
image_0717,556,660,556,660,14.735518803065862,134.819507663062,10,True,blend
image_0718,556,660,556,660,14.51566492638653,133.30652017410654,11,True,blend
image_0719,556,660,556,660,15.887171878414854,133.92417958053784,18,True,blend
image_0720,556,660,556,660,15.533232145084101,140.02139630615946,15,True,blend
image_0721,556,660,556,660,16.99644092150111,141.2278945139923,20,True,blend
image_0722,556,660,556,660,16.26467102709377,133.55076169740735,14,True,blend
image_0723,556,660,556,660,15.776038296016928,133.27976829856718,14,True,blend
image_0724,556,660,556,660,14.172824223606886,131.50321893408227,15,True,blend
image_0725,556,660,556,660,15.942666927601477,137.87721211260245,16,True,blend
image_0726,556,660,556,660,14.048042241886968,139.522526634585,13,True,blend
image_0727,556,660,556,660,14.977040072507803,135.54917570855562,15,True,blend
image_0728,556,660,556,660,14.684904396866838,135.31625772653987,15,True,blend
image_0729,556,660,556,660,13.227534933352867,168.5254031084455,12,True,blend
image_0730,556,660,556,660,13.193641885953241,175.63038963737313,16,True,blend
image_0731,556,660,556,660,13.411847451476586,171.3799914162939,16,True,blend
image_0732,556,660,556,660,10.7254216702228,154.51071990244915,16,True,blend
image_0733,556,660,556,660,12.090264339111812,163.522983130969,16,True,blend
image_0734,556,660,556,660,12.433848855667021,159.21647714119658,21,True,blend
image_0735,556,660,556,660,12.619566011762206,161.82443661795963,14,True,blend
image_0736,556,660,556,660,14.389783163691709,165.15030540462976,19,True,blend
image_0737,556,660,556,660,13.357205322727957,165.5100470079034,13,True,blend
image_0738,556,660,556,660,12.831825557679448,157.2167105629828,15,True,blend
image_0739,556,660,556,660,13.044456480475745,168.0985627402526,15,True,blend
image_0740,556,660,556,660,12.497543876391786,160.14078518817738,15,True,blend
image_0741,556,660,556,660,14.46432923985848,172.94340041446083,15,True,blend
image_0742,556,660,556,660,14.650439934170082,165.397254914183,13,True,blend
image_0743,556,660,556,660,13.066059057618453,166.23179527740314,12,True,blend
image_0744,556,660,556,660,11.657436606216338,174.8441578992848,11,True,blend
image_0745,556,660,556,660,12.857616515884004,169.32346728098958,11,True,blend
image_0746,556,660,556,660,14.642426507078735,161.88285765882884,13,True,blend
image_0747,556,660,556,660,17.56613850597904,144.08119661485154,14,True,blend
image_0748,556,660,556,660,16.011923821173177,141.27249112608092,13,True,blend
image_0749,556,660,556,660,16.008782548028346,154.18217146037884,13,True,blend
image_0750,556,660,556,660,17.4752932150237,150.82832580693858,14,True,blend
image_0751,556,660,556,660,15.505928196317122,149.0526271910205,18,True,blend
image_0752,500,760,556,660,15.725002946857217,128.46401808101518,12,True,blend
image_0753,500,760,556,660,10.69519344586799,388.0665632189491,27,True,blend
image_0754,500,760,556,660,15.719096384255296,133.15685411703114,14,True,blend
image_0755,500,760,556,660,13.100285381868678,134.70056652543732,14,True,blend
image_0756,500,760,556,660,13.63543426236144,139.46019616197967,19,True,blend
image_0757,500,760,556,660,11.377734732341942,129.5905968682267,15,True,blend
image_0758,500,760,556,660,14.72686060273136,136.64608767213548,17,True,blend
image_0759,500,760,556,660,15.171726152427315,138.10858693841743,16,True,blend
image_0760,500,760,556,660,14.553763700241582,133.00696947966003,11,True,blend
image_0761,500,760,556,660,15.174610008458709,136.13256167313253,15,True,blend
image_0762,500,760,556,660,15.107632598891238,134.69487428241064,17,True,blend
image_0763,500,760,556,660,15.447056761268165,137.14382204223378,18,True,blend
image_0764,500,760,556,660,16.39571809450534,138.8559523926135,12,True,blend
image_0765,500,760,556,660,16.607313039722783,130.3975578214012,8,True,blend
image_0766,500,760,556,660,17.875406008483896,105.24259721759688,9,True,blend
image_0767,500,760,556,660,16.32924377362363,103.15994713702986,12,True,blend
image_0768,500,760,556,660,15.327692112543403,109.8472392080601,9,True,blend
image_0769,500,760,556,660,16.055371068696903,116.10379297805241,13,True,blend
image_0770,500,760,556,660,16.01905156116995,117.26201235202359,11,True,blend
image_0771,500,760,556,660,15.679684146745455,117.18987752706191,12,True,blend
image_0772,500,760,556,660,15.800434738455452,118.96717684335711,11,True,blend
image_0773,500,760,556,660,15.128313106175195,119.09949934271269,12,True,blend
image_0774,500,760,556,660,15.637576980303683,122.23471776625986,11,True,blend
image_0775,500,760,556,660,16.192831805986586,119.2605411585874,13,True,blend
image_0776,500,760,556,660,15.643901909031985,106.80927485078719,14,True,blend
image_0777,500,760,556,660,14.45875704820469,109.39416153158008,13,True,blend
image_0778,500,760,556,660,14.160467791082095,111.2817123985141,15,True,blend
image_0779,500,760,556,660,15.497519066452892,115.38793027789347,17,True,blend
image_0780,500,760,556,660,15.686623291292666,112.01886441016143,19,True,blend
image_0781,500,760,556,660,14.427168592316493,108.59934223858045,16,True,blend
image_0782,500,760,556,660,13.547003081863563,111.25757533276197,13,True,blend
image_0783,500,760,556,660,15.556533339697811,115.86293085336956,16,True,blend
image_0784,500,760,556,660,15.415690744321072,116.44620534669255,16,True,blend
image_0785,500,760,556,660,14.606475300872072,117.46759873801813,18,True,blend
image_0786,500,760,556,660,15.524593547344852,114.96450199916745,18,True,blend
image_0787,500,760,556,660,15.969951821260336,117.64737158863589,18,True,blend
image_0788,500,760,556,660,15.522657592119437,106.04646955894185,12,True,blend
image_0789,500,760,556,660,15.120807248261315,105.26470056040804,12,True,blend
image_0790,500,760,556,660,15.33310269234881,114.32355411537526,12,True,blend
image_0791,500,760,556,660,13.182102586460683,104.21838583819812,10,True,blend
image_0792,500,760,556,660,13.20199780641408,107.13095591327675,12,True,blend
image_0793,500,760,556,660,11.491349092748504,104.4845938409887,10,True,blend
image_0794,500,760,556,660,13.826803519271852,102.47120629568549,11,True,blend
image_0795,500,760,556,660,15.591332335609058,105.79578263141075,9,True,blend
image_0796,500,760,556,660,14.36485949551324,106.66313864109533,12,True,blend
image_0797,1080,1640,556,660,20.685729558561068,249.64047524292278,17,True,blend
image_0798,1080,1640,556,660,19.99247139146122,226.796973181441,17,True,blend
image_0799,1080,1640,556,660,20.26392077694164,227.3115113629493,16,True,blend
image_0800,1080,1640,556,660,19.141009223596765,243.67716108027366,15,True,blend
image_0801,1080,1640,556,660,20.75529276764972,251.30352654645014,18,True,blend
image_0802,1080,1640,556,660,18.932130444405697,256.6261888410301,15,True,blend
image_0803,1080,1640,556,660,20.219599447764033,259.48369933466955,17,True,blend
image_0804,1080,1640,556,660,18.514476168889335,247.52872163666038,14,True,blend
image_0805,1080,1640,556,660,19.04752865980748,241.5042842789763,15,True,blend
image_0806,1080,1640,556,660,19.470349767993568,243.89138108927781,13,True,blend
image_0807,1080,1640,556,660,19.981638195110634,240.55493503840611,14,True,blend
image_0808,1080,1640,556,660,19.597399717541627,241.85663293563698,14,True,blend
image_0809,1080,1640,556,660,20.571517310084403,241.03480679765684,12,True,blend
image_0810,1080,1640,556,660,16.19451417032267,245.34890423602485,12,True,blend
image_0811,1080,1640,556,660,15.829106545107338,247.6606534790448,11,True,blend
image_0812,1080,1640,556,660,15.880918451663575,252.99161957055946,13,True,blend
image_0813,1080,1640,556,660,16.18541760497251,227.94543913412713,12,True,blend
image_0814,1080,1640,556,660,18.057020021782005,251.8908921788161,14,True,blend
image_0815,1080,1640,556,660,18.894919835692313,254.05017930926113,11,True,blend
image_0816,1080,1640,556,660,17.924920156188403,272.06596863990154,11,True,blend
image_0817,1080,1640,556,660,18.23827381945307,268.2452385529618,12,True,blend
image_0818,1080,1640,556,660,,238.76206944974032,0,False,no usable fascicle fragments
image_0819,1080,1640,556,660,18.10521465421778,243.84085254325907,12,True,blend
image_0820,1080,1640,556,660,18.505597183639885,251.97905712964325,13,True,blend
image_0821,1080,1640,556,660,18.518405573330888,255.52267254071984,16,True,blend
image_0822,1080,1640,556,660,18.102265430380886,271.8375534151266,12,True,blend
image_0823,1080,1640,556,660,17.65639351378978,250.38828495015002,15,True,blend
image_0824,1080,1640,556,660,17.99991294155126,246.36238281867952,14,True,blend
image_0825,1080,1640,556,660,18.445706357040255,240.50072219145642,13,True,blend
image_0826,1080,1640,556,660,18.878560874720414,250.66358527686813,15,True,blend
image_0827,1080,1640,556,660,18.700912132474443,243.9014569631251,14,True,blend
image_0828,1080,1640,556,660,18.980567784009203,241.53765251518567,14,True,blend
image_0829,1080,1640,556,660,18.807788596162542,240.50112800014446,13,True,blend
image_0830,1080,1640,556,660,18.597544086814544,238.74970569250831,14,True,blend
image_0831,1080,1640,556,660,18.06028612528383,238.47080916049254,14,True,blend
image_0832,1080,1640,556,660,20.829720692099077,186.31278315897475,15,True,blend
image_0833,1080,1640,556,660,20.281391362421235,182.18215542707458,16,True,blend
image_0834,1080,1640,556,660,20.25180300773495,189.49632476029888,15,True,blend
image_0835,1080,1640,556,660,20.677902976473376,189.78296688243245,14,True,blend
image_0836,1080,1640,556,660,19.319751931825873,191.8922353882178,13,True,blend
image_0837,1080,1640,556,660,21.701160699108456,204.48817023584115,14,True,blend
image_0838,1080,1640,556,660,20.471480875935793,187.8049053090106,12,True,blend
image_0839,1080,1640,556,660,22.390919846166124,185.4179024595463,15,True,blend
image_0840,1080,1640,556,660,21.07231086858329,191.83091629350028,13,True,blend
image_0841,1080,1640,556,660,20.994522677745575,182.54815666251852,13,True,blend
image_0842,1080,1640,556,660,20.47582935679794,182.027756798665,13,True,blend
image_0843,1080,1640,556,660,20.17874939857247,178.96710003352905,11,True,blend
image_0844,1080,1640,556,660,21.083303158165076,194.09002821884783,12,True,blend
image_0845,1080,1640,556,660,22.303956850679647,190.35308307850428,13,True,blend
image_0846,1080,1640,556,660,22.22609478652645,189.1476173421914,12,True,blend
image_0847,1080,1640,556,660,22.059404908278278,189.05804122468408,13,True,blend
image_0848,1080,1640,556,660,21.353442194559477,187.29894531146684,2,True,blend
image_0849,1080,1640,556,660,21.26791104638638,183.82219723560644,6,True,blend
image_0850,1080,1640,556,660,20.191754087699188,186.5438154938804,10,True,blend
image_0851,1080,1640,556,660,19.883436932901073,182.69159658283672,12,True,blend
image_0852,1080,1640,556,660,20.436892745264462,306.1814622991422,13,True,blend
image_0853,1080,1640,556,660,21.68936274086801,317.7577760419489,15,True,blend
image_0854,1080,1640,556,660,21.280860827731914,317.1473086425455,16,True,blend
image_0855,1080,1640,556,660,21.355600433223337,312.64905500949413,15,True,blend
image_0856,1080,1640,556,660,20.877173975999423,292.3472893176574,13,True,blend
image_0857,1080,1640,556,660,21.78823645402327,301.32842242331185,13,True,blend
image_0858,1080,1640,556,660,20.901182717511908,301.85894768869343,15,True,blend
image_0859,1080,1640,556,660,20.917559718898662,313.128924123221,13,True,blend
image_0860,1080,1640,556,660,21.137209162514537,313.9992345278914,11,True,blend
image_0861,1080,1640,556,660,20.812348223547897,312.20203580164724,11,True,blend
image_0862,1080,1640,556,660,22.237671530854897,307.25889298227304,13,True,blend
image_0863,1080,1640,556,660,21.730270073785,318.0556778207397,12,True,blend
image_0864,1080,1640,556,660,21.571547758497324,317.0016994700147,11,True,blend
image_0865,1080,1640,556,660,21.499839724773544,317.22275842824723,12,True,blend
image_0866,1080,1640,556,660,24.99491997490859,260.9600715702016,12,True,blend
image_0867,1080,1640,556,660,26.73537330309867,278.4824739987359,10,True,blend
image_0868,1080,1640,556,660,26.636541618193306,294.4330379245103,10,True,blend
image_0869,1080,1640,556,660,25.987518520516787,258.16298628849546,12,True,blend
image_0870,1080,1640,556,660,27.442497689519463,295.4465888593392,11,True,blend
image_0871,1080,1640,556,660,28.326539474239347,296.37567357561926,12,True,blend
image_0872,1080,1640,556,660,29.40797567759938,262.78416456658323,12,True,blend
image_0873,1080,1640,556,660,28.054948940374594,287.4466153392129,12,True,blend
image_0874,1080,1640,556,660,29.258744024601587,288.17720479324885,11,True,blend
image_0875,1080,1640,556,660,29.227744024376204,294.8494692860681,11,True,blend
image_0876,1080,1640,556,660,27.396365100312554,295.98427018255626,15,True,blend
image_0877,1080,1640,556,660,28.59165538228743,269.24959463620775,13,True,blend
image_0878,1080,1640,556,660,29.58904099329923,256.28642344370377,13,True,blend
image_0879,1080,1640,556,660,28.634083250224634,265.49208918172934,15,True,blend
image_0880,1080,1640,556,660,31.64599385777583,259.03071020091465,11,True,blend
image_0881,1080,1640,556,660,28.38662737986671,256.21363488608876,12,True,blend
image_0882,1080,1640,556,660,28.163254792688676,281.9408890680717,12,True,blend
image_0883,1080,1640,556,660,29.593534797494616,264.1387206727152,15,True,blend
image_0884,1080,1640,556,660,28.453949857883764,271.3526422821963,13,True,blend
image_0885,1080,1640,556,660,30.791372072845565,282.9495283617479,12,True,blend
image_0886,1080,1640,556,660,29.297400933869298,285.2844482668657,12,True,blend
image_0887,1080,1640,556,660,29.431744307370607,284.4610760479314,11,True,blend
image_0888,1080,1640,556,660,22.71467220148464,327.44201449300925,12,True,blend
image_0889,1080,1640,556,660,23.176634704606677,328.391520215671,13,True,blend
image_0890,1080,1640,556,660,24.205395240083746,323.5672444161471,12,True,blend
image_0891,1080,1640,556,660,25.94403106719513,328.36457301603116,13,True,blend
image_0892,1080,1640,556,660,23.284998348846706,312.69639409347894,12,True,blend
image_0893,1080,1640,556,660,23.30904079403843,305.3262576532873,12,True,blend
image_0894,1080,1640,556,660,23.845566641882144,303.46136274874726,12,True,blend
image_0895,1080,1640,556,660,25.025171754477395,321.28935767643407,15,True,blend
image_0896,1080,1640,556,660,25.649672806332106,327.1603356521923,16,True,blend
image_0897,1080,1640,556,660,25.213690937775013,306.01372548613034,13,True,blend
image_0898,1080,1640,556,660,24.90849269150976,324.30480909921476,12,True,blend
image_0899,1080,1640,556,660,24.769472902076025,319.76248158267146,13,True,blend
image_0900,1080,1640,556,660,24.12264826805785,322.8621859312872,13,True,blend
image_0901,1080,1640,556,660,24.085279763389686,320.1358586474406,12,True,blend
image_0902,1080,1640,556,660,24.429594991590655,314.23192433496905,14,True,blend
image_0903,1080,1640,556,660,24.933717518493193,316.4519481660654,13,True,blend
image_0904,1080,1640,556,660,23.434526862955842,313.942889935193,14,True,blend
image_0905,1080,1640,556,660,24.16219883348721,317.52513947555457,14,True,blend
image_0906,1080,1640,556,660,33.27390893271097,246.04077844104123,1,True,blend
image_0907,1080,1640,556,660,25.73156419564175,221.21883155051643,11,True,blend
image_0908,1080,1640,556,660,33.67556238947747,242.55759893212158,1,True,blend
image_0909,1080,1640,556,660,28.945884851197025,226.5416644669132,3,True,blend
image_0910,1080,1640,556,660,33.21821009647954,241.0307388159381,1,True,blend
image_0911,1080,1640,556,660,35.26856463974009,238.7438845322563,1,True,blend
image_0912,1080,1640,556,660,23.892639285039895,212.46594119779934,12,True,blend
image_0913,1080,1640,556,660,25.226914021487225,207.97476249123343,13,True,blend
image_0914,1080,1640,556,660,35.28316011497717,237.78036089372358,1,True,blend
image_0915,1080,1640,556,660,24.907311352946373,208.69774736104625,12,True,blend
image_0916,1080,1640,556,660,34.22981106146702,229.9084412107001,1,True,blend
image_0917,1080,1640,556,660,,222.82793399151487,0,False,no usable fascicle fragments
image_0918,1080,1640,556,660,33.564497963527316,237.39002964935693,1,True,blend
image_0919,1080,1640,556,660,36.3684517324942,234.61287621242298,1,True,blend
image_0920,1080,1640,556,660,35.51104331630322,243.6635442768128,1,True,blend
image_0921,1080,1640,556,660,33.73767114645466,241.00383540172484,1,True,blend
image_0922,1080,1640,556,660,36.398707288306426,242.37278678114095,1,True,blend
image_0923,1080,1640,556,660,37.020635274231815,242.8523324923785,1,True,blend
image_0924,1080,1640,556,660,37.65637662397745,236.79532331362626,1,True,blend
image_0925,1080,1640,556,660,36.171229004475066,239.05356668168258,1,True,blend
image_0926,1080,1640,556,660,22.830194550061872,252.95192264603443,10,True,blend
image_0927,1080,1640,556,660,27.592330139161238,211.19439799891234,1,True,blend
image_0928,1080,1640,556,660,22.67318605503627,247.49282285190347,10,True,blend
image_0929,1080,1640,556,660,25.395243417051844,281.6473764485041,11,True,blend
image_0930,1080,1640,556,660,27.442582838368956,189.07010981698875,2,True,blend
image_0931,1080,1640,556,660,24.04729374627921,248.24563889453484,11,True,blend
image_0932,1080,1640,556,660,22.26028736973295,278.4827559095708,11,True,blend
image_0933,1080,1640,556,660,22.361074991081907,248.5027860409075,11,True,blend
image_0934,1080,1640,556,660,25.33693280618707,200.64282189795597,2,True,blend
image_0935,1080,1640,556,660,22.71023693909997,240.94627283888272,12,True,blend
image_0936,1080,1640,556,660,22.03129230011995,276.83895522312054,13,True,blend
image_0937,1080,1640,556,660,23.137364771516086,252.4371277369449,14,True,blend
image_0938,1080,1640,556,660,22.43411743805804,234.0372524359675,12,True,blend
image_0939,1080,1640,556,660,23.53544892992737,248.08488599800717,12,True,blend
image_0940,1080,1640,556,660,30.67870322644459,202.47140857767718,1,True,blend
image_0941,1080,1640,556,660,23.1797430836533,213.50002747050576,2,True,blend
image_0942,1080,1640,556,660,23.342542643756495,253.2997775191851,12,True,blend
image_0943,1080,1640,556,660,24.578075759437798,249.07336745611505,11,True,blend
image_0944,1080,1640,864,1152,23.0790065158633,298.1583515552901,9,True,blend
image_0945,1080,1640,864,1152,19.077401311021838,457.9801672721193,7,True,blend
image_0946,1080,1640,864,1152,17.749957080348764,443.68294165352813,10,True,blend
image_0947,1080,1640,864,1152,18.919656885202986,381.1637179030795,11,True,blend
image_0948,1080,1640,864,1152,17.913475463569135,424.1154909920795,10,True,blend
image_0949,1080,1640,864,1152,17.235771619023033,448.56014333538377,8,True,blend
image_0950,1080,1640,864,1152,20.1287326831421,518.1664088056101,11,True,blend
image_0951,1080,1640,864,1152,14.76259041010086,517.509337030376,10,True,blend
image_0952,1080,1640,864,1152,25.338920745655837,409.7644623242802,13,True,blend
image_0953,1080,1640,864,1152,19.103724922215665,353.0420624254832,11,True,blend
image_0954,1080,1640,864,1152,22.762830662786072,367.4573472707675,11,True,blend
image_0955,1080,1640,864,1152,23.2561952301727,395.8544091062566,10,True,blend
image_0956,1080,1640,864,1152,17.81372211668171,425.30274820283284,10,True,blend
image_0957,1080,1640,864,1152,20.652978664964937,351.0463363707768,11,True,blend
image_0958,1080,1640,864,1152,18.84230145694204,388.65708022093116,10,True,blend
image_0959,1080,1640,864,1152,21.13299223095561,266.18293013528296,10,True,blend
image_0960,1080,1640,864,1152,21.13731183236596,337.8034648760297,9,True,blend
image_0961,1080,1640,864,1152,12.204851147600003,205.79539432936397,8,True,blend
image_0962,1080,1640,864,1152,21.237740897401473,376.03361163367,9,True,blend
image_0963,1080,1640,864,1152,26.55202880589742,332.61251227682055,7,True,blend
image_0964,1080,1640,864,1152,21.029956444431647,300.5924826502182,6,True,blend
image_0965,1080,1640,864,1152,19.98503513276672,394.9444041299962,8,True,blend
image_0966,1080,1640,864,1152,23.989416474993558,360.5444766762246,7,True,blend
image_0967,1080,1640,864,1152,25.036517945925883,525.7123462356043,7,True,blend
image_0968,1080,1640,864,1152,8.585930472226892,384.0064765713999,9,True,blend
image_0969,1080,1640,864,1152,23.525432703929226,478.03782283542705,11,True,blend
image_0970,1080,1640,864,1152,22.22883393416432,394.1712247778273,9,True,blend
image_0971,1080,1640,864,1152,17.037059726656693,441.7994169833418,9,True,blend
image_0972,1080,1640,864,1152,21.49408159737795,333.64782163519,9,True,blend
image_0973,1080,1640,864,1152,26.5168683959423,397.5635432010674,6,True,blend
image_0974,1080,1640,864,1152,23.674839534209596,488.764903362563,8,True,blend
image_0975,1080,1640,864,1152,18.87649184736926,418.91001012311153,9,True,blend
image_0976,1080,1640,864,1152,22.97455640662445,459.16774094446976,8,True,blend
image_0977,1080,1640,864,1152,22.336568778373724,485.74176270112076,7,True,blend
image_0978,1080,1640,864,1152,8.79614974417708,383.4712474245505,7,True,blend
image_0979,1080,1640,864,1152,20.502000655257163,371.2366029530255,8,True,blend
image_0980,1080,1640,864,1152,19.083191042070272,329.5775648364462,7,True,blend
image_0981,1080,1640,864,1152,20.759105502447703,451.96882971324385,7,True,blend
image_0982,1080,1640,864,1152,18.2904886486711,486.67085794037865,7,True,blend
image_0983,1080,1640,864,1152,26.221846872639468,478.84196229250836,7,True,blend
image_0984,1080,1640,864,1152,21.182589995122612,476.41360004609635,7,True,blend
image_0985,1080,1640,864,1152,17.726223182005327,418.88286028773405,8,True,blend
image_0986,1080,1640,864,1152,25.559623491995417,394.4510385255512,7,True,blend
image_0987,1080,1640,864,1152,29.56780626635125,462.18449155195356,6,True,blend
image_0988,1080,1640,864,1152,17.054746108711107,384.2514574673048,6,True,blend
image_0989,1080,1640,864,1152,21.63848700592429,483.79479356492607,5,True,blend
image_0990,1080,1640,652,800,32.75095814225827,504.0081349950806,2,True,blend
image_0991,1080,1640,688,1234,30.909219996903985,313.32859766272946,8,True,blend
image_0992,1080,1640,688,1234,28.89390224808325,348.8766412120785,8,True,blend
image_0993,1080,1640,688,1234,39.62682626966988,340.7258384951625,1,True,blend
image_0994,1080,1640,687,1234,27.837613000194313,440.1103294551135,8,True,blend
image_0995,1080,1640,652,800,,210.17478178662878,0,False,no usable fascicle fragments
image_0996,1080,1640,600,800,24.570067664100833,469.5936488529139,7,True,blend
image_0997,1080,1640,688,1074,24.143275401372172,425.8256005109654,1,True,blend
image_0998,1080,1640,652,800,26.90177575603172,168.94278673482728,3,True,blend
image_0999,1080,1640,652,800,22.50792797665144,442.66462657924785,3,True,blend
image_1000,1080,1640,512,512,22.578305784325295,313.2263032955312,6,True,blend
image_1001,1080,1640,652,800,27.04562542550497,205.62403642419235,3,True,blend
image_1002,1080,1640,512,512,20.97821760420494,290.08005836533994,6,True,blend
image_1003,1080,1640,652,800,22.76968352937211,194.29751639033577,3,True,blend
image_1004,1080,1640,512,512,18.571584539194774,285.48325562865267,8,True,blend
image_1005,1080,1640,512,512,22.915410430571857,318.8893826312638,9,True,blend
image_1006,1080,1640,512,512,23.295018546209672,383.0545930790245,9,True,blend
image_1007,1080,1640,652,800,23.243223699331317,517.8090637052112,2,True,blend
image_1008,1080,1640,512,512,23.839922159680157,353.104292405282,8,True,blend
image_1009,1080,1640,652,800,29.31937466665769,350.3562253255634,6,True,blend
image_1010,1080,1640,512,512,21.32343825833333,288.6893163996733,7,True,blend
image_1011,1080,1640,652,800,29.550699977977168,243.6198616620982,6,True,blend
image_1012,1080,1640,652,800,,,0,False,no plausible aponeurosis pair
image_1013,1080,1640,512,512,22.72594712179405,363.1820290834292,8,True,blend
image_1014,1080,1640,512,512,23.30524629032068,349.5621667502528,10,True,blend
image_1015,1080,1640,512,512,22.858391360772202,349.515163249184,8,True,blend
image_1016,1080,1640,512,512,21.06508981250795,263.58434816422647,7,True,blend
image_1017,1080,1640,512,512,24.597057026410145,262.4683421521125,5,True,blend
image_1018,1080,1640,512,512,21.263143430074837,325.46739677547134,8,True,blend
image_1019,1080,1640,512,512,22.889224068307236,343.92043672166415,7,True,blend
image_1020,1080,1640,512,512,22.067155514986137,413.06974814148595,10,True,blend
image_1021,1080,1640,512,512,23.47379511399909,264.55095250925905,6,True,blend
image_1022,1080,1640,512,512,23.0100461126389,415.83039693381147,9,True,blend
image_1023,1080,1640,512,512,23.47149890526017,316.3017447975903,8,True,blend
image_1024,1080,1640,512,512,23.809001176783354,400.43503634246827,9,True,blend
image_1025,1080,1640,556,660,31.41031508724671,250.86547180915872,10,True,blend
image_1026,1080,1640,556,660,28.111872970158743,323.1113139192887,10,True,blend
image_1027,1080,1640,556,660,28.914935710958705,334.29497605803414,10,True,blend
image_1028,1080,1640,556,660,32.533299990827494,287.69758162781596,11,True,blend
image_1029,1080,1640,556,660,34.43364061157835,231.25565255768808,11,True,blend
image_1030,1080,1640,556,660,32.083327560889266,269.31956387567,13,True,blend
image_1031,1080,1640,556,660,31.936484011692887,254.74064615410146,8,True,blend
image_1032,1080,1640,556,660,31.233511691329248,235.34763117295822,10,True,blend
image_1033,1080,1640,556,660,29.18612649837024,256.00452503754485,8,True,blend
image_1034,1080,1640,556,660,29.216762600321236,265.95994664432646,10,True,blend
image_1035,1080,1640,556,660,30.24984815456315,198.20713153694362,7,True,blend
image_1036,1080,1640,556,660,27.563705368550174,194.23406939906715,9,True,blend
image_1037,1080,1640,556,660,31.03906044027181,187.94622936760936,8,True,blend
image_1038,1080,1640,556,660,28.43839031169088,318.0802410749226,12,True,blend
image_1039,1080,1640,556,660,27.687545901596916,314.2652102176412,12,True,blend
image_1040,1080,1640,556,660,31.058879755157836,317.3237501270885,11,True,blend
image_1041,1080,1640,556,660,34.46676246639347,297.79726616362063,11,True,blend
image_1042,1080,1640,556,660,33.83687378634906,295.75517256343795,12,True,blend
image_1043,1080,1640,556,660,28.628268357538595,246.45870558982384,2,True,blend
image_1044,1080,1640,556,660,26.29569328663591,242.55759893212158,2,True,blend
image_1045,1080,1640,556,660,30.18694319661791,241.86939232511077,2,True,blend
image_1046,1080,1640,556,660,25.432830190837457,199.83245522589667,2,True,blend
image_1047,1080,1640,556,660,21.047888320112865,217.69698663794944,2,True,blend
